code,start_date,end_date
000001.SZ,1991-04-03,2099-01-01
000002.SZ,1991-01-29,2099-01-01
000004.SZ,1991-01-14,2099-01-01
000005.SZ,1990-12-10,2099-01-01
000006.SZ,1992-04-27,2099-01-01
000007.SZ,1992-04-13,2099-01-01
000008.SZ,1992-05-07,2099-01-01
000009.SZ,1991-06-25,2099-01-01
000010.SZ,1995-10-27,2099-01-01
000011.SZ,1992-03-30,2099-01-01
000012.SZ,1992-02-28,2099-01-01
000014.SZ,1992-06-02,2099-01-01
000016.SZ,1992-03-27,2099-01-01
000017.SZ,1992-03-31,2099-01-01
000018.SZ,1992-06-16,2099-01-01
000019.SZ,1992-10-12,2099-01-01
000020.SZ,1992-04-28,2099-01-01
000021.SZ,1994-02-02,2099-01-01
000022.SZ,1993-05-05,2099-01-01
000023.SZ,1993-04-29,2099-01-01
000024.SZ,1993-06-07,2015-12-30
000025.SZ,1993-06-21,2099-01-01
000026.SZ,1993-06-03,2099-01-01
000027.SZ,1993-09-03,2099-01-01
000028.SZ,1993-08-09,2099-01-01
000029.SZ,1993-09-15,2099-01-01
000030.SZ,1993-09-29,2099-01-01
000031.SZ,1993-10-08,2099-01-01
000032.SZ,1993-10-28,2099-01-01
000033.SZ,1994-01-03,2099-01-01
000034.SZ,1994-05-09,2099-01-01
000035.SZ,1994-04-08,2099-01-01
000036.SZ,1994-06-17,2099-01-01
000037.SZ,1994-07-01,2099-01-01
000038.SZ,1994-08-08,2099-01-01
000039.SZ,1994-04-08,2099-01-01
000040.SZ,1994-08-08,2099-01-01
000042.SZ,1994-09-21,2099-01-01
000043.SZ,1994-09-28,2099-01-01
000045.SZ,1994-08-15,2099-01-01
000046.SZ,1994-09-12,2099-01-01
000048.SZ,1994-11-01,2099-01-01
000049.SZ,1995-03-20,2099-01-01
000050.SZ,1995-03-15,2099-01-01
000055.SZ,1996-04-15,2099-01-01
000056.SZ,1996-07-08,2099-01-01
000058.SZ,1996-12-26,2099-01-01
000059.SZ,1997-01-30,2099-01-01
000060.SZ,1997-01-23,2099-01-01
000061.SZ,1997-01-10,2099-01-01
000062.SZ,1997-01-30,2099-01-01
000063.SZ,1997-11-18,2099-01-01
000065.SZ,1998-06-05,2099-01-01
000066.SZ,1997-06-26,2099-01-01
000068.SZ,1997-06-11,2099-01-01
000069.SZ,1997-09-10,2099-01-01
000070.SZ,2000-05-11,2099-01-01
000078.SZ,1998-12-18,2099-01-01
000088.SZ,1997-07-28,2099-01-01
000089.SZ,1998-04-20,2099-01-01
000090.SZ,1999-07-21,2099-01-01
000096.SZ,2000-07-24,2099-01-01
000099.SZ,2000-07-31,2099-01-01
000100.SZ,2004-01-30,2099-01-01
000150.SZ,2000-08-07,2099-01-01
000151.SZ,2000-09-06,2099-01-01
000153.SZ,2000-09-20,2099-01-01
000155.SZ,2000-09-26,2099-01-01
000156.SZ,2000-09-06,2099-01-01
000157.SZ,2000-10-12,2099-01-01
000158.SZ,2000-07-24,2099-01-01
000159.SZ,2000-09-26,2099-01-01
000166.SZ,2015-01-26,2099-01-01
000301.SZ,2000-05-29,2099-01-01
000333.SZ,2013-09-18,2099-01-01
000338.SZ,2007-04-30,2099-01-01
000400.SZ,1997-04-18,2099-01-01
000401.SZ,1996-06-14,2099-01-01
000402.SZ,1996-06-26,2099-01-01
000403.SZ,1996-06-28,2099-01-01
000404.SZ,1996-06-19,2099-01-01
000407.SZ,1996-07-03,2099-01-01
000408.SZ,1996-06-28,2099-01-01
000409.SZ,1996-06-27,2099-01-01
000410.SZ,1996-07-18,2099-01-01
000411.SZ,1996-07-16,2099-01-01
000413.SZ,1996-09-25,2099-01-01
000415.SZ,1996-07-16,2099-01-01
000416.SZ,1996-07-19,2099-01-01
000417.SZ,1996-08-12,2099-01-01
000418.SZ,1997-03-28,2099-01-01
000419.SZ,1996-08-16,2099-01-01
000420.SZ,1996-08-02,2099-01-01
000421.SZ,1996-08-06,2099-01-01
000422.SZ,1996-08-15,2099-01-01
000423.SZ,1996-07-29,2099-01-01
000425.SZ,1996-08-28,2099-01-01
000426.SZ,1996-08-28,2099-01-01
000428.SZ,1996-08-08,2099-01-01
000429.SZ,1998-02-20,2099-01-01
000430.SZ,1996-08-29,2099-01-01
000488.SZ,2000-11-20,2099-01-01
000498.SZ,1997-06-09,2099-01-01
000501.SZ,1992-11-20,2099-01-01
000502.SZ,1992-11-23,2099-01-01
000503.SZ,1992-11-30,2099-01-01
000504.SZ,1992-12-08,2099-01-01
000505.SZ,1992-12-21,2099-01-01
000506.SZ,1993-03-12,2099-01-01
000507.SZ,1993-03-26,2099-01-01
000509.SZ,1993-05-07,2099-01-01
000510.SZ,1993-05-07,2099-01-01
000511.SZ,1993-05-18,2099-01-01
000513.SZ,1993-10-28,2099-01-01
000514.SZ,1993-07-12,2099-01-01
000516.SZ,1993-08-09,2099-01-01
000517.SZ,1993-08-06,2099-01-01
000518.SZ,1993-09-08,2099-01-01
000519.SZ,1993-10-08,2099-01-01
000520.SZ,1993-10-25,2099-01-01
000521.SZ,1993-10-18,2099-01-01
000522.SZ,1993-11-08,2013-04-26
000523.SZ,1993-11-08,2099-01-01
000524.SZ,1993-11-18,2099-01-01
000525.SZ,1993-10-28,2099-01-01
000526.SZ,1993-11-01,2099-01-01
000527.SZ,1993-11-12,2013-09-18
000528.SZ,1993-11-18,2099-01-01
000529.SZ,1993-11-18,2099-01-01
000530.SZ,1993-12-08,2099-01-01
000531.SZ,1994-01-06,2099-01-01
000532.SZ,1994-01-03,2099-01-01
000533.SZ,1994-01-03,2099-01-01
000534.SZ,1994-01-10,2099-01-01
000536.SZ,1993-11-26,2099-01-01
000537.SZ,1993-12-10,2099-01-01
000538.SZ,1993-12-15,2099-01-01
000539.SZ,1993-11-26,2099-01-01
000540.SZ,1994-02-02,2099-01-01
000541.SZ,1993-11-23,2099-01-01
000543.SZ,1993-12-20,2099-01-01
000544.SZ,1993-12-08,2099-01-01
000545.SZ,1993-12-15,2099-01-01
000546.SZ,1993-12-15,2099-01-01
000547.SZ,1993-11-30,2099-01-01
000548.SZ,1993-12-20,2099-01-01
000550.SZ,1993-12-01,2099-01-01
000551.SZ,1994-01-06,2099-01-01
000552.SZ,1994-01-06,2099-01-01
000553.SZ,1993-12-03,2099-01-01
000554.SZ,1993-12-15,2099-01-01
000555.SZ,1994-04-08,2099-01-01
000557.SZ,1994-06-17,2099-01-01
000558.SZ,1994-05-09,2099-01-01
000559.SZ,1994-01-10,2099-01-01
000560.SZ,1994-02-02,2099-01-01
000561.SZ,1994-05-09,2099-01-01
000562.SZ,1994-02-02,2015-01-26
000563.SZ,1994-01-10,2099-01-01
000564.SZ,1994-01-10,2099-01-01
000565.SZ,1994-04-08,2099-01-01
000566.SZ,1994-05-25,2099-01-01
000567.SZ,1994-05-25,2099-01-01
000568.SZ,1994-05-09,2099-01-01
000570.SZ,1994-07-01,2099-01-01
000571.SZ,1994-05-25,2099-01-01
000572.SZ,1994-08-08,2099-01-01
000573.SZ,1994-08-15,2099-01-01
000576.SZ,1994-09-07,2099-01-01
000578.SZ,1995-03-03,2011-03-22
000581.SZ,1998-09-24,2099-01-01
000582.SZ,1995-11-02,2099-01-01
000584.SZ,1995-11-28,2099-01-01
000585.SZ,1995-12-13,2099-01-01
000586.SZ,1995-12-20,2099-01-01
000587.SZ,1996-04-25,2099-01-01
000589.SZ,1996-03-08,2099-01-01
000590.SZ,1996-01-19,2099-01-01
000591.SZ,1996-02-08,2099-01-01
000592.SZ,1996-03-27,2099-01-01
000593.SZ,1996-03-12,2099-01-01
000594.SZ,1996-03-20,2015-07-13
000595.SZ,1996-04-19,2099-01-01
000596.SZ,1996-09-27,2099-01-01
000597.SZ,1996-05-23,2099-01-01
000598.SZ,1996-05-29,2099-01-01
000599.SZ,1996-04-30,2099-01-01
000600.SZ,1996-06-06,2099-01-01
000601.SZ,1996-08-30,2099-01-01
000602.SZ,1996-08-19,2013-08-14
000603.SZ,1996-08-23,2099-01-01
000605.SZ,1996-09-13,2099-01-01
000606.SZ,1996-10-04,2099-01-01
000607.SZ,1996-08-30,2099-01-01
000608.SZ,1996-09-19,2099-01-01
000609.SZ,1996-10-10,2099-01-01
000610.SZ,1996-09-26,2099-01-01
000611.SZ,1996-10-08,2099-01-01
000612.SZ,1996-09-26,2099-01-01
000613.SZ,1997-01-28,2099-01-01
000615.SZ,1996-10-16,2099-01-01
000616.SZ,1996-11-08,2099-01-01
000617.SZ,1996-10-22,2099-01-01
000619.SZ,1996-10-23,2099-01-01
000620.SZ,1996-10-29,2099-01-01
000622.SZ,1996-11-07,2099-01-01
000623.SZ,1996-10-28,2099-01-01
000625.SZ,1997-06-10,2099-01-01
000626.SZ,1996-11-28,2099-01-01
000627.SZ,1996-11-12,2099-01-01
000628.SZ,1996-11-18,2099-01-01
000629.SZ,1996-11-15,2099-01-01
000630.SZ,1996-11-20,2099-01-01
000631.SZ,1996-11-22,2099-01-01
000632.SZ,1996-11-21,2099-01-01
000633.SZ,1996-11-12,2099-01-01
000635.SZ,1996-11-20,2099-01-01
000636.SZ,1996-11-29,2099-01-01
000637.SZ,1996-11-14,2099-01-01
000638.SZ,1996-11-26,2099-01-01
000639.SZ,1996-11-26,2099-01-01
000650.SZ,1996-12-10,2099-01-01
000651.SZ,1996-11-18,2099-01-01
000652.SZ,1996-11-28,2099-01-01
000655.SZ,1996-11-28,2099-01-01
000656.SZ,1996-11-28,2099-01-01
000657.SZ,1996-12-05,2099-01-01
000659.SZ,1996-12-03,2099-01-01
000661.SZ,1996-12-18,2099-01-01
000662.SZ,1996-12-16,2099-01-01
000663.SZ,1996-12-06,2099-01-01
000665.SZ,1996-12-10,2099-01-01
000666.SZ,1996-12-10,2099-01-01
000667.SZ,1996-12-05,2099-01-01
000668.SZ,1996-12-10,2099-01-01
000669.SZ,1996-12-10,2099-01-01
000670.SZ,1996-12-17,2099-01-01
000671.SZ,1996-12-18,2099-01-01
000672.SZ,1996-12-18,2099-01-01
000673.SZ,1997-01-24,2099-01-01
000676.SZ,1996-12-24,2099-01-01
000677.SZ,1996-12-26,2099-01-01
000678.SZ,1997-01-06,2099-01-01
000679.SZ,1997-01-24,2099-01-01
000680.SZ,1997-01-22,2099-01-01
000681.SZ,1997-01-21,2099-01-01
000682.SZ,1997-01-21,2099-01-01
000683.SZ,1997-01-31,2099-01-01
000685.SZ,1997-01-23,2099-01-01
000686.SZ,1997-02-27,2099-01-01
000687.SZ,1997-02-21,2099-01-01
000688.SZ,1997-01-20,2099-01-01
000690.SZ,1997-01-28,2099-01-01
000691.SZ,1997-02-28,2099-01-01
000692.SZ,1997-02-27,2099-01-01
000693.SZ,1997-02-26,2099-01-01
000695.SZ,1997-02-18,2099-01-01
000697.SZ,1997-03-25,2099-01-01
000698.SZ,1997-02-20,2099-01-01
000700.SZ,1997-02-28,2099-01-01
000701.SZ,1997-02-26,2099-01-01
000702.SZ,1997-03-18,2099-01-01
000703.SZ,1997-03-28,2099-01-01
000705.SZ,1997-04-10,2099-01-01
000707.SZ,1997-04-15,2099-01-01
000708.SZ,1997-03-26,2099-01-01
000709.SZ,1997-04-16,2099-01-01
000710.SZ,1997-04-22,2099-01-01
000711.SZ,1997-04-11,2099-01-01
000712.SZ,1997-04-15,2099-01-01
000713.SZ,1997-04-22,2099-01-01
000715.SZ,1997-05-08,2099-01-01
000716.SZ,1997-04-18,2099-01-01
000717.SZ,1997-05-08,2099-01-01
000718.SZ,1997-04-08,2099-01-01
000719.SZ,1997-03-31,2099-01-01
000720.SZ,1997-05-09,2099-01-01
000721.SZ,1997-04-30,2099-01-01
000722.SZ,1997-05-22,2099-01-01
000723.SZ,1997-05-15,2099-01-01
000725.SZ,2001-01-12,2099-01-01
000726.SZ,2000-12-25,2099-01-01
000727.SZ,1997-05-20,2099-01-01
000728.SZ,1997-06-16,2099-01-01
000729.SZ,1997-07-16,2099-01-01
000731.SZ,1997-06-17,2099-01-01
000732.SZ,1997-07-04,2099-01-01
000733.SZ,1997-07-03,2099-01-01
000735.SZ,1997-06-11,2099-01-01
000736.SZ,1997-04-25,2099-01-01
000737.SZ,1997-04-28,2099-01-01
000738.SZ,1997-06-26,2099-01-01
000739.SZ,1997-05-09,2099-01-01
000748.SZ,1997-07-04,2099-01-01
000750.SZ,1997-07-09,2099-01-01
000751.SZ,1997-06-26,2099-01-01
000752.SZ,1997-06-25,2099-01-01
000753.SZ,1997-06-26,2099-01-01
000755.SZ,1997-06-27,2099-01-01
000756.SZ,1997-08-06,2099-01-01
000757.SZ,1997-06-27,2099-01-01
000758.SZ,1997-04-16,2099-01-01
000759.SZ,1997-05-19,2099-01-01
000760.SZ,1997-06-27,2099-01-01
000761.SZ,1998-01-15,2099-01-01
000762.SZ,1997-07-08,2099-01-01
000766.SZ,1997-04-30,2099-01-01
000767.SZ,1997-06-09,2099-01-01
000768.SZ,1997-06-26,2099-01-01
000776.SZ,1997-06-11,2099-01-01
000777.SZ,1997-07-10,2099-01-01
000778.SZ,1997-06-06,2099-01-01
000779.SZ,1997-05-28,2099-01-01
000780.SZ,1997-06-06,2099-01-01
000782.SZ,1997-06-19,2099-01-01
000783.SZ,1997-07-31,2099-01-01
000785.SZ,1997-07-11,2099-01-01
000786.SZ,1997-06-06,2099-01-01
000787.SZ,1997-06-26,2013-02-08
000788.SZ,1997-06-16,2099-01-01
000789.SZ,1997-09-23,2099-01-01
000790.SZ,1998-03-27,2099-01-01
000791.SZ,1997-10-14,2099-01-01
000792.SZ,1997-09-04,2099-01-01
000793.SZ,1997-07-29,2099-01-01
000795.SZ,1997-08-08,2099-01-01
000796.SZ,1997-07-03,2099-01-01
000797.SZ,1997-07-15,2099-01-01
000798.SZ,1998-02-12,2099-01-01
000799.SZ,1997-07-18,2099-01-01
000800.SZ,1997-06-18,2099-01-01
000801.SZ,1998-05-06,2099-01-01
000802.SZ,1998-01-08,2099-01-01
000803.SZ,1998-03-03,2099-01-01
000805.SZ,1998-05-29,2013-03-27
000806.SZ,1998-04-16,2099-01-01
000807.SZ,1998-04-08,2099-01-01
000809.SZ,1998-06-16,2099-01-01
000810.SZ,1998-06-02,2099-01-01
000811.SZ,1998-05-28,2099-01-01
000812.SZ,1998-06-23,2099-01-01
000813.SZ,1998-05-19,2099-01-01
000815.SZ,1998-06-09,2099-01-01
000816.SZ,1997-08-18,2099-01-01
000818.SZ,1997-10-17,2099-01-01
000819.SZ,1997-06-25,2099-01-01
000820.SZ,1998-06-30,2099-01-01
000821.SZ,1998-06-26,2099-01-01
000822.SZ,1998-07-03,2099-01-01
000823.SZ,1997-10-08,2099-01-01
000825.SZ,1998-10-21,2099-01-01
000826.SZ,1998-02-25,2099-01-01
000828.SZ,1997-06-17,2099-01-01
000829.SZ,1997-12-02,2099-01-01
000830.SZ,1998-08-07,2099-01-01
000831.SZ,1998-09-11,2099-01-01
000833.SZ,1998-11-11,2099-01-01
000835.SZ,1999-06-25,2099-01-01
000836.SZ,1997-09-29,2099-01-01
000837.SZ,1998-09-28,2099-01-01
000838.SZ,1997-06-26,2099-01-01
000839.SZ,1997-10-31,2099-01-01
000848.SZ,1997-11-13,2099-01-01
000850.SZ,1998-10-07,2099-01-01
000851.SZ,1998-06-09,2099-01-01
000852.SZ,1998-11-26,2099-01-01
000856.SZ,1998-08-13,2099-01-01
000858.SZ,1998-04-27,2099-01-01
000859.SZ,1998-11-19,2099-01-01
000860.SZ,1998-11-04,2099-01-01
000861.SZ,1998-10-28,2099-01-01
000862.SZ,1998-09-15,2099-01-01
000863.SZ,1997-09-25,2099-01-01
000868.SZ,1997-07-25,2099-01-01
000869.SZ,2000-10-26,2099-01-01
000875.SZ,2002-09-26,2099-01-01
000876.SZ,1998-03-11,2099-01-01
000877.SZ,1999-01-07,2099-01-01
000878.SZ,1998-06-02,2099-01-01
000880.SZ,1998-04-02,2099-01-01
000881.SZ,1998-09-02,2099-01-01
000882.SZ,1998-06-16,2099-01-01
000883.SZ,1998-05-19,2099-01-01
000885.SZ,1999-03-19,2099-01-01
000886.SZ,1998-01-23,2099-01-01
000887.SZ,1998-12-03,2099-01-01
000888.SZ,1997-10-21,2099-01-01
000889.SZ,1997-12-18,2099-01-01
000890.SZ,1999-01-19,2099-01-01
000892.SZ,1999-01-15,2099-01-01
000893.SZ,1998-12-24,2099-01-01
000895.SZ,1998-12-10,2099-01-01
000897.SZ,1999-04-22,2099-01-01
000898.SZ,1997-12-25,2099-01-01
000899.SZ,1997-11-26,2099-01-01
000900.SZ,1999-01-28,2099-01-01
000901.SZ,1999-04-01,2099-01-01
000902.SZ,1999-04-08,2099-01-01
000903.SZ,1999-04-15,2099-01-01
000905.SZ,1999-04-29,2099-01-01
000906.SZ,1999-07-07,2099-01-01
000908.SZ,1999-02-03,2099-01-01
000909.SZ,1999-05-07,2099-01-01
000910.SZ,1999-06-30,2099-01-01
000911.SZ,1999-05-27,2099-01-01
000912.SZ,1999-06-03,2099-01-01
000913.SZ,1999-05-14,2099-01-01
000915.SZ,1999-06-09,2099-01-01
000916.SZ,1999-09-27,2099-01-01
000917.SZ,1999-03-25,2099-01-01
000918.SZ,1999-07-20,2099-01-01
000919.SZ,1999-11-18,2099-01-01
000920.SZ,1999-06-16,2099-01-01
000921.SZ,1999-07-13,2099-01-01
000922.SZ,1999-06-18,2099-01-01
000923.SZ,1999-07-14,2099-01-01
000925.SZ,1999-06-11,2099-01-01
000926.SZ,1999-06-18,2099-01-01
000927.SZ,1999-07-27,2099-01-01
000928.SZ,1999-03-12,2099-01-01
000929.SZ,1999-06-23,2099-01-01
000930.SZ,1999-07-12,2099-01-01
000931.SZ,1999-07-12,2099-01-01
000932.SZ,1999-08-03,2099-01-01
000933.SZ,1999-08-31,2099-01-01
000935.SZ,1999-08-24,2099-01-01
000936.SZ,1999-08-10,2099-01-01
000937.SZ,1999-09-09,2099-01-01
000938.SZ,1999-11-04,2099-01-01
000939.SZ,1999-09-23,2099-01-01
000948.SZ,1999-10-14,2099-01-01
000949.SZ,1999-10-21,2099-01-01
000950.SZ,1999-09-16,2099-01-01
000951.SZ,1999-11-25,2099-01-01
000952.SZ,1999-11-12,2099-01-01
000953.SZ,1999-12-02,2099-01-01
000955.SZ,1999-12-09,2099-01-01
000957.SZ,2000-01-13,2099-01-01
000958.SZ,1999-12-23,2099-01-01
000959.SZ,1999-12-16,2099-01-01
000960.SZ,2000-02-21,2099-01-01
000961.SZ,2000-03-01,2099-01-01
000962.SZ,2000-01-20,2099-01-01
000963.SZ,2000-01-27,2099-01-01
000965.SZ,2000-04-06,2099-01-01
000966.SZ,2000-03-16,2099-01-01
000967.SZ,2000-03-30,2099-01-01
000968.SZ,2000-06-22,2099-01-01
000969.SZ,2000-05-29,2099-01-01
000970.SZ,2000-04-20,2099-01-01
000971.SZ,2000-04-27,2099-01-01
000972.SZ,2000-09-26,2099-01-01
000973.SZ,2000-05-25,2099-01-01
000975.SZ,2000-06-08,2099-01-01
000976.SZ,2000-06-01,2099-01-01
000977.SZ,2000-06-08,2099-01-01
000978.SZ,2000-05-18,2099-01-01
000979.SZ,2000-06-16,2099-01-01
000980.SZ,2000-06-16,2099-01-01
000981.SZ,2000-06-22,2099-01-01
000982.SZ,2000-07-06,2099-01-01
000983.SZ,2000-07-26,2099-01-01
000985.SZ,2000-07-26,2099-01-01
000987.SZ,2000-07-18,2099-01-01
000988.SZ,2000-06-08,2099-01-01
000989.SZ,2000-06-28,2099-01-01
000990.SZ,2000-07-06,2099-01-01
000993.SZ,2000-07-31,2099-01-01
000995.SZ,2000-08-07,2099-01-01
000996.SZ,2000-07-18,2099-01-01
000997.SZ,2000-08-07,2099-01-01
000998.SZ,2000-12-11,2099-01-01
000999.SZ,2000-03-09,2099-01-01
001696.SZ,1997-03-06,2099-01-01
001896.SZ,1998-01-22,2099-01-01
001979.SZ,2015-12-30,2099-01-01
002001.SZ,2004-06-25,2099-01-01
002002.SZ,2004-06-25,2099-01-01
002003.SZ,2004-06-25,2099-01-01
002004.SZ,2004-06-25,2099-01-01
002005.SZ,2004-06-25,2099-01-01
002006.SZ,2004-06-25,2099-01-01
002007.SZ,2004-06-25,2099-01-01
002008.SZ,2004-06-25,2099-01-01
002009.SZ,2004-06-29,2099-01-01
002010.SZ,2004-06-29,2099-01-01
002011.SZ,2004-07-05,2099-01-01
002012.SZ,2004-07-05,2099-01-01
002013.SZ,2004-07-05,2099-01-01
002014.SZ,2004-07-08,2099-01-01
002015.SZ,2004-07-08,2099-01-01
002016.SZ,2004-07-08,2099-01-01
002017.SZ,2004-07-13,2099-01-01
002018.SZ,2004-07-13,2099-01-01
002019.SZ,2004-07-13,2099-01-01
002020.SZ,2004-07-15,2099-01-01
002021.SZ,2004-07-15,2099-01-01
002022.SZ,2004-07-21,2099-01-01
002023.SZ,2004-07-21,2099-01-01
002024.SZ,2004-07-21,2099-01-01
002025.SZ,2004-07-26,2099-01-01
002026.SZ,2004-07-27,2099-01-01
002027.SZ,2004-08-04,2099-01-01
002028.SZ,2004-08-05,2099-01-01
002029.SZ,2004-08-06,2099-01-01
002030.SZ,2004-08-09,2099-01-01
002031.SZ,2004-08-16,2099-01-01
002032.SZ,2004-08-17,2099-01-01
002033.SZ,2004-08-25,2099-01-01
002034.SZ,2004-08-26,2099-01-01
002035.SZ,2004-09-01,2099-01-01
002036.SZ,2004-09-03,2099-01-01
002037.SZ,2004-09-08,2099-01-01
002038.SZ,2004-09-09,2099-01-01
002039.SZ,2005-03-03,2099-01-01
002040.SZ,2005-03-25,2099-01-01
002041.SZ,2005-04-18,2099-01-01
002042.SZ,2005-04-27,2099-01-01
002043.SZ,2005-05-10,2099-01-01
002044.SZ,2005-05-18,2099-01-01
002045.SZ,2005-05-23,2099-01-01
002046.SZ,2005-05-26,2099-01-01
002047.SZ,2005-05-31,2099-01-01
002048.SZ,2005-06-03,2099-01-01
002049.SZ,2005-06-06,2099-01-01
002050.SZ,2005-06-07,2099-01-01
002051.SZ,2006-06-19,2099-01-01
002052.SZ,2006-06-27,2099-01-01
002053.SZ,2006-06-27,2099-01-01
002054.SZ,2006-07-25,2099-01-01
002055.SZ,2006-07-25,2099-01-01
002056.SZ,2006-08-02,2099-01-01
002057.SZ,2006-08-02,2099-01-01
002058.SZ,2006-08-02,2099-01-01
002059.SZ,2006-08-10,2099-01-01
002060.SZ,2006-08-10,2099-01-01
002061.SZ,2006-08-16,2099-01-01
002062.SZ,2006-08-16,2099-01-01
002063.SZ,2006-08-23,2099-01-01
002064.SZ,2006-08-23,2099-01-01
002065.SZ,2006-08-23,2099-01-01
002066.SZ,2006-08-23,2099-01-01
002067.SZ,2006-09-15,2099-01-01
002068.SZ,2006-09-15,2099-01-01
002069.SZ,2006-09-28,2099-01-01
002070.SZ,2006-10-12,2099-01-01
002071.SZ,2006-10-12,2099-01-01
002072.SZ,2006-10-18,2099-01-01
002073.SZ,2006-10-18,2099-01-01
002074.SZ,2006-10-18,2099-01-01
002075.SZ,2006-10-25,2099-01-01
002076.SZ,2006-10-25,2099-01-01
002077.SZ,2006-11-16,2099-01-01
002078.SZ,2006-11-16,2099-01-01
002079.SZ,2006-11-16,2099-01-01
002080.SZ,2006-11-20,2099-01-01
002081.SZ,2006-11-20,2099-01-01
002082.SZ,2006-11-20,2099-01-01
002083.SZ,2006-11-24,2099-01-01
002084.SZ,2006-11-24,2099-01-01
002085.SZ,2006-11-28,2099-01-01
002086.SZ,2006-11-28,2099-01-01
002087.SZ,2006-11-30,2099-01-01
002088.SZ,2006-11-30,2099-01-01
002089.SZ,2006-11-30,2099-01-01
002090.SZ,2006-12-08,2099-01-01
002091.SZ,2006-12-08,2099-01-01
002092.SZ,2006-12-08,2099-01-01
002093.SZ,2006-12-15,2099-01-01
002094.SZ,2006-12-15,2099-01-01
002095.SZ,2006-12-15,2099-01-01
002096.SZ,2006-12-22,2099-01-01
002097.SZ,2006-12-22,2099-01-01
002098.SZ,2006-12-22,2099-01-01
002099.SZ,2006-12-26,2099-01-01
002100.SZ,2006-12-26,2099-01-01
002101.SZ,2006-12-29,2099-01-01
002102.SZ,2006-12-29,2099-01-01
002103.SZ,2007-01-10,2099-01-01
002104.SZ,2007-01-10,2099-01-01
002105.SZ,2007-01-12,2099-01-01
002106.SZ,2007-01-12,2099-01-01
002107.SZ,2007-01-24,2099-01-01
002108.SZ,2007-01-24,2099-01-01
002109.SZ,2007-01-26,2099-01-01
002110.SZ,2007-01-26,2099-01-01
002111.SZ,2007-01-26,2099-01-01
002112.SZ,2007-02-08,2099-01-01
002113.SZ,2007-02-08,2099-01-01
002114.SZ,2007-02-15,2099-01-01
002115.SZ,2007-02-15,2099-01-01
002116.SZ,2007-02-15,2099-01-01
002117.SZ,2007-03-02,2099-01-01
002118.SZ,2007-03-02,2099-01-01
002119.SZ,2007-03-02,2099-01-01
002120.SZ,2007-03-06,2099-01-01
002121.SZ,2007-03-06,2099-01-01
002122.SZ,2007-03-28,2099-01-01
002123.SZ,2007-03-28,2099-01-01
002124.SZ,2007-04-03,2099-01-01
002125.SZ,2007-04-03,2099-01-01
002126.SZ,2007-04-18,2099-01-01
002127.SZ,2007-04-18,2099-01-01
002128.SZ,2007-04-18,2099-01-01
002129.SZ,2007-04-20,2099-01-01
002130.SZ,2007-04-20,2099-01-01
002131.SZ,2007-04-27,2099-01-01
002132.SZ,2007-04-27,2099-01-01
002133.SZ,2007-04-27,2099-01-01
002134.SZ,2007-05-16,2099-01-01
002135.SZ,2007-05-30,2099-01-01
002136.SZ,2007-05-30,2099-01-01
002137.SZ,2007-06-13,2099-01-01
002138.SZ,2007-06-13,2099-01-01
002139.SZ,2007-06-29,2099-01-01
002140.SZ,2007-07-12,2099-01-01
002141.SZ,2007-07-20,2099-01-01
002142.SZ,2007-07-19,2099-01-01
002143.SZ,2007-07-20,2099-01-01
002144.SZ,2007-08-03,2099-01-01
002145.SZ,2007-08-03,2099-01-01
002146.SZ,2007-08-08,2099-01-01
002147.SZ,2007-08-08,2099-01-01
002148.SZ,2007-08-10,2099-01-01
002149.SZ,2007-08-10,2099-01-01
002150.SZ,2007-08-10,2099-01-01
002151.SZ,2007-08-13,2099-01-01
002152.SZ,2007-08-13,2099-01-01
002153.SZ,2007-08-13,2099-01-01
002154.SZ,2007-08-16,2099-01-01
002155.SZ,2007-08-16,2099-01-01
002156.SZ,2007-08-16,2099-01-01
002157.SZ,2007-08-17,2099-01-01
002158.SZ,2007-08-17,2099-01-01
002159.SZ,2007-08-17,2099-01-01
002160.SZ,2007-08-21,2099-01-01
002161.SZ,2007-08-21,2099-01-01
002162.SZ,2007-08-23,2099-01-01
002163.SZ,2007-08-23,2099-01-01
002164.SZ,2007-08-23,2099-01-01
002165.SZ,2007-09-13,2099-01-01
002166.SZ,2007-09-13,2099-01-01
002167.SZ,2007-09-13,2099-01-01
002168.SZ,2007-09-19,2099-01-01
002169.SZ,2007-09-19,2099-01-01
002170.SZ,2007-09-19,2099-01-01
002171.SZ,2007-09-21,2099-01-01
002172.SZ,2007-09-21,2099-01-01
002173.SZ,2007-09-25,2099-01-01
002174.SZ,2007-09-25,2099-01-01
002175.SZ,2007-10-12,2099-01-01
002176.SZ,2007-10-12,2099-01-01
002177.SZ,2007-11-01,2099-01-01
002178.SZ,2007-11-01,2099-01-01
002179.SZ,2007-11-01,2099-01-01
002180.SZ,2007-11-13,2099-01-01
002181.SZ,2007-11-16,2099-01-01
002182.SZ,2007-11-13,2099-01-01
002183.SZ,2007-11-13,2099-01-01
002184.SZ,2007-11-16,2099-01-01
002185.SZ,2007-11-20,2099-01-01
002186.SZ,2007-11-20,2099-01-01
002187.SZ,2007-11-22,2099-01-01
002188.SZ,2007-11-22,2099-01-01
002189.SZ,2007-12-03,2099-01-01
002190.SZ,2007-12-03,2099-01-01
002191.SZ,2007-12-05,2099-01-01
002192.SZ,2007-12-05,2099-01-01
002193.SZ,2007-12-07,2099-01-01
002194.SZ,2007-12-07,2099-01-01
002195.SZ,2007-12-12,2099-01-01
002196.SZ,2007-12-12,2099-01-01
002197.SZ,2007-12-18,2099-01-01
002198.SZ,2007-12-18,2099-01-01
002199.SZ,2007-12-21,2099-01-01
002200.SZ,2007-12-21,2099-01-01
002201.SZ,2007-12-26,2099-01-01
002202.SZ,2007-12-26,2099-01-01
002203.SZ,2008-01-16,2099-01-01
002204.SZ,2008-01-16,2099-01-01
002205.SZ,2008-01-23,2099-01-01
002206.SZ,2008-01-23,2099-01-01
002207.SZ,2008-01-28,2099-01-01
002208.SZ,2008-01-28,2099-01-01
002209.SZ,2008-01-30,2099-01-01
002210.SZ,2008-01-30,2099-01-01
002211.SZ,2008-02-01,2099-01-01
002212.SZ,2008-02-01,2099-01-01
002213.SZ,2008-02-01,2099-01-01
002214.SZ,2008-02-18,2099-01-01
002215.SZ,2008-02-18,2099-01-01
002216.SZ,2008-02-20,2099-01-01
002217.SZ,2008-02-20,2099-01-01
002218.SZ,2008-02-28,2099-01-01
002219.SZ,2008-03-06,2099-01-01
002220.SZ,2008-02-28,2099-01-01
002221.SZ,2008-03-06,2099-01-01
002222.SZ,2008-03-19,2099-01-01
002223.SZ,2008-04-18,2099-01-01
002224.SZ,2008-04-25,2099-01-01
002225.SZ,2008-04-25,2099-01-01
002226.SZ,2008-05-06,2099-01-01
002227.SZ,2008-05-06,2099-01-01
002228.SZ,2008-05-08,2099-01-01
002229.SZ,2008-05-08,2099-01-01
002230.SZ,2008-05-12,2099-01-01
002231.SZ,2008-05-12,2099-01-01
002232.SZ,2008-05-09,2099-01-01
002233.SZ,2008-05-16,2099-01-01
002234.SZ,2008-05-16,2099-01-01
002235.SZ,2008-05-16,2099-01-01
002236.SZ,2008-05-20,2099-01-01
002237.SZ,2008-05-20,2099-01-01
002238.SZ,2008-05-26,2099-01-01
002239.SZ,2008-05-22,2099-01-01
002240.SZ,2008-05-23,2099-01-01
002241.SZ,2008-05-22,2099-01-01
002242.SZ,2008-05-28,2099-01-01
002243.SZ,2008-05-28,2099-01-01
002244.SZ,2008-05-29,2099-01-01
002245.SZ,2008-06-05,2099-01-01
002246.SZ,2008-06-05,2099-01-01
002247.SZ,2008-06-12,2099-01-01
002248.SZ,2008-06-12,2099-01-01
002249.SZ,2008-06-19,2099-01-01
002250.SZ,2008-06-19,2099-01-01
002251.SZ,2008-06-19,2099-01-01
002252.SZ,2008-06-23,2099-01-01
002253.SZ,2008-06-23,2099-01-01
002254.SZ,2008-06-25,2099-01-01
002255.SZ,2008-06-25,2099-01-01
002256.SZ,2008-06-25,2099-01-01
002258.SZ,2008-07-08,2099-01-01
002259.SZ,2008-07-16,2099-01-01
002260.SZ,2008-07-16,2099-01-01
002261.SZ,2008-07-23,2099-01-01
002262.SZ,2008-07-23,2099-01-01
002263.SZ,2008-07-28,2099-01-01
002264.SZ,2008-07-31,2099-01-01
002265.SZ,2008-08-06,2099-01-01
002266.SZ,2008-08-06,2099-01-01
002267.SZ,2008-08-13,2099-01-01
002268.SZ,2008-08-11,2099-01-01
002269.SZ,2008-08-28,2099-01-01
002270.SZ,2008-09-05,2099-01-01
002271.SZ,2008-09-10,2099-01-01
002272.SZ,2008-09-19,2099-01-01
002273.SZ,2008-09-19,2099-01-01
002274.SZ,2008-09-25,2099-01-01
002275.SZ,2009-07-10,2099-01-01
002276.SZ,2009-07-10,2099-01-01
002277.SZ,2009-07-17,2099-01-01
002278.SZ,2009-08-11,2099-01-01
002279.SZ,2009-08-11,2099-01-01
002280.SZ,2009-08-21,2099-01-01
002281.SZ,2009-08-21,2099-01-01
002282.SZ,2009-08-21,2099-01-01
002283.SZ,2009-08-21,2099-01-01
002284.SZ,2009-08-28,2099-01-01
002285.SZ,2009-08-28,2099-01-01
002286.SZ,2009-08-28,2099-01-01
002287.SZ,2009-08-28,2099-01-01
002288.SZ,2009-09-03,2099-01-01
002289.SZ,2009-09-03,2099-01-01
002290.SZ,2009-09-03,2099-01-01
002291.SZ,2009-09-03,2099-01-01
002292.SZ,2009-09-10,2099-01-01
002293.SZ,2009-09-10,2099-01-01
002294.SZ,2009-09-10,2099-01-01
002295.SZ,2009-09-29,2099-01-01
002296.SZ,2009-09-29,2099-01-01
002297.SZ,2009-09-29,2099-01-01
002298.SZ,2009-09-29,2099-01-01
002299.SZ,2009-10-21,2099-01-01
002300.SZ,2009-10-21,2099-01-01
002301.SZ,2009-10-21,2099-01-01
002302.SZ,2009-11-03,2099-01-01
002303.SZ,2009-11-03,2099-01-01
002304.SZ,2009-11-06,2099-01-01
002305.SZ,2009-11-06,2099-01-01
002306.SZ,2009-11-11,2099-01-01
002307.SZ,2009-11-11,2099-01-01
002308.SZ,2009-11-27,2099-01-01
002309.SZ,2009-11-27,2099-01-01
002310.SZ,2009-11-27,2099-01-01
002311.SZ,2009-11-27,2099-01-01
002312.SZ,2009-12-03,2099-01-01
002313.SZ,2009-12-03,2099-01-01
002314.SZ,2009-12-03,2099-01-01
002315.SZ,2009-12-09,2099-01-01
002316.SZ,2009-12-09,2099-01-01
002317.SZ,2009-12-11,2099-01-01
002318.SZ,2009-12-11,2099-01-01
002319.SZ,2009-12-11,2099-01-01
002320.SZ,2009-12-16,2099-01-01
002321.SZ,2009-12-16,2099-01-01
002322.SZ,2009-12-18,2099-01-01
002323.SZ,2009-12-18,2099-01-01
002324.SZ,2009-12-18,2099-01-01
002325.SZ,2009-12-22,2099-01-01
002326.SZ,2009-12-22,2099-01-01
002327.SZ,2009-12-30,2099-01-01
002328.SZ,2009-12-30,2099-01-01
002329.SZ,2010-01-06,2099-01-01
002330.SZ,2010-01-06,2099-01-01
002331.SZ,2010-01-06,2099-01-01
002332.SZ,2010-01-12,2099-01-01
002333.SZ,2010-01-12,2099-01-01
002334.SZ,2010-01-13,2099-01-01
002335.SZ,2010-01-13,2099-01-01
002336.SZ,2010-01-13,2099-01-01
002337.SZ,2010-01-15,2099-01-01
002338.SZ,2010-01-15,2099-01-01
002339.SZ,2010-01-22,2099-01-01
002340.SZ,2010-01-22,2099-01-01
002341.SZ,2010-01-22,2099-01-01
002342.SZ,2010-01-26,2099-01-01
002343.SZ,2010-01-26,2099-01-01
002344.SZ,2010-01-26,2099-01-01
002345.SZ,2010-01-28,2099-01-01
002346.SZ,2010-01-28,2099-01-01
002347.SZ,2010-01-28,2099-01-01
002348.SZ,2010-02-03,2099-01-01
002349.SZ,2010-02-03,2099-01-01
002350.SZ,2010-02-03,2099-01-01
002351.SZ,2010-02-05,2099-01-01
002352.SZ,2010-02-05,2099-01-01
002353.SZ,2010-02-05,2099-01-01
002354.SZ,2010-02-09,2099-01-01
002355.SZ,2010-02-09,2099-01-01
002356.SZ,2010-02-09,2099-01-01
002357.SZ,2010-02-10,2099-01-01
002358.SZ,2010-02-10,2099-01-01
002359.SZ,2010-02-10,2099-01-01
002360.SZ,2010-03-03,2099-01-01
002361.SZ,2010-03-03,2099-01-01
002362.SZ,2010-03-03,2099-01-01
002363.SZ,2010-03-05,2099-01-01
002364.SZ,2010-03-05,2099-01-01
002365.SZ,2010-03-05,2099-01-01
002366.SZ,2010-03-12,2099-01-01
002367.SZ,2010-03-12,2099-01-01
002368.SZ,2010-03-12,2099-01-01
002369.SZ,2010-03-16,2099-01-01
002370.SZ,2010-03-16,2099-01-01
002371.SZ,2010-03-16,2099-01-01
002372.SZ,2010-03-18,2099-01-01
002373.SZ,2010-03-18,2099-01-01
002374.SZ,2010-03-18,2099-01-01
002375.SZ,2010-03-23,2099-01-01
002376.SZ,2010-03-23,2099-01-01
002377.SZ,2010-03-23,2099-01-01
002378.SZ,2010-03-31,2099-01-01
002379.SZ,2010-03-31,2099-01-01
002380.SZ,2010-03-31,2099-01-01
002381.SZ,2010-04-02,2099-01-01
002382.SZ,2010-04-02,2099-01-01
002383.SZ,2010-04-02,2099-01-01
002384.SZ,2010-04-09,2099-01-01
002385.SZ,2010-04-09,2099-01-01
002386.SZ,2010-04-09,2099-01-01
002387.SZ,2010-04-13,2099-01-01
002388.SZ,2010-04-13,2099-01-01
002389.SZ,2010-04-13,2099-01-01
002390.SZ,2010-04-16,2099-01-01
002391.SZ,2010-04-16,2099-01-01
002392.SZ,2010-04-23,2099-01-01
002393.SZ,2010-04-23,2099-01-01
002394.SZ,2010-04-23,2099-01-01
002395.SZ,2010-04-29,2099-01-01
002396.SZ,2010-06-23,2099-01-01
002397.SZ,2010-04-29,2099-01-01
002398.SZ,2010-05-06,2099-01-01
002399.SZ,2010-05-06,2099-01-01
002400.SZ,2010-05-06,2099-01-01
002401.SZ,2010-05-06,2099-01-01
002402.SZ,2010-05-11,2099-01-01
002403.SZ,2010-05-11,2099-01-01
002404.SZ,2010-05-11,2099-01-01
002405.SZ,2010-05-18,2099-01-01
002406.SZ,2010-05-18,2099-01-01
002407.SZ,2010-05-18,2099-01-01
002408.SZ,2010-05-18,2099-01-01
002409.SZ,2010-05-25,2099-01-01
002410.SZ,2010-05-25,2099-01-01
002411.SZ,2010-05-25,2099-01-01
002412.SZ,2010-05-25,2099-01-01
002413.SZ,2010-05-28,2099-01-01
002414.SZ,2010-07-16,2099-01-01
002415.SZ,2010-05-28,2099-01-01
002416.SZ,2010-05-28,2099-01-01
002417.SZ,2010-06-01,2099-01-01
002418.SZ,2010-06-01,2099-01-01
002419.SZ,2010-06-01,2099-01-01
002420.SZ,2010-06-01,2099-01-01
002421.SZ,2010-06-03,2099-01-01
002422.SZ,2010-06-03,2099-01-01
002423.SZ,2010-06-03,2099-01-01
002424.SZ,2010-06-03,2099-01-01
002425.SZ,2010-06-08,2099-01-01
002426.SZ,2010-06-08,2099-01-01
002427.SZ,2010-06-08,2099-01-01
002428.SZ,2010-06-08,2099-01-01
002429.SZ,2010-06-10,2099-01-01
002430.SZ,2010-06-10,2099-01-01
002431.SZ,2010-06-10,2099-01-01
002432.SZ,2010-06-10,2099-01-01
002433.SZ,2010-06-18,2099-01-01
002434.SZ,2010-06-18,2099-01-01
002435.SZ,2010-06-18,2099-01-01
002436.SZ,2010-06-18,2099-01-01
002437.SZ,2010-06-23,2099-01-01
002438.SZ,2010-06-23,2099-01-01
002439.SZ,2010-06-23,2099-01-01
002440.SZ,2010-07-06,2099-01-01
002441.SZ,2010-07-06,2099-01-01
002442.SZ,2010-07-06,2099-01-01
002443.SZ,2010-07-06,2099-01-01
002444.SZ,2010-07-13,2099-01-01
002445.SZ,2010-07-13,2099-01-01
002446.SZ,2010-07-13,2099-01-01
002447.SZ,2010-07-13,2099-01-01
002448.SZ,2010-07-16,2099-01-01
002449.SZ,2010-07-16,2099-01-01
002450.SZ,2010-07-16,2099-01-01
002451.SZ,2010-07-20,2099-01-01
002452.SZ,2010-07-20,2099-01-01
002453.SZ,2010-07-20,2099-01-01
002454.SZ,2010-07-20,2099-01-01
002455.SZ,2010-08-03,2099-01-01
002456.SZ,2010-08-03,2099-01-01
002457.SZ,2010-08-03,2099-01-01
002458.SZ,2010-08-10,2099-01-01
002459.SZ,2010-08-10,2099-01-01
002460.SZ,2010-08-10,2099-01-01
002461.SZ,2010-08-18,2099-01-01
002462.SZ,2010-08-18,2099-01-01
002463.SZ,2010-08-18,2099-01-01
002464.SZ,2010-08-31,2099-01-01
002465.SZ,2010-08-31,2099-01-01
002466.SZ,2010-08-31,2099-01-01
002467.SZ,2010-09-08,2099-01-01
002468.SZ,2010-09-08,2099-01-01
002469.SZ,2010-09-08,2099-01-01
002470.SZ,2010-09-08,2099-01-01
002471.SZ,2010-09-10,2099-01-01
002472.SZ,2010-09-10,2099-01-01
002473.SZ,2010-09-10,2099-01-01
002474.SZ,2010-09-15,2099-01-01
002475.SZ,2010-09-15,2099-01-01
002476.SZ,2010-09-15,2099-01-01
002477.SZ,2010-09-15,2099-01-01
002478.SZ,2010-09-21,2099-01-01
002479.SZ,2010-09-21,2099-01-01
002480.SZ,2010-09-21,2099-01-01
002481.SZ,2010-09-21,2099-01-01
002482.SZ,2010-09-29,2099-01-01
002483.SZ,2010-09-29,2099-01-01
002484.SZ,2010-09-29,2099-01-01
002485.SZ,2010-10-15,2099-01-01
002486.SZ,2010-10-15,2099-01-01
002487.SZ,2010-10-15,2099-01-01
002488.SZ,2010-10-21,2099-01-01
002489.SZ,2010-10-21,2099-01-01
002490.SZ,2010-10-21,2099-01-01
002491.SZ,2010-10-21,2099-01-01
002492.SZ,2010-11-02,2099-01-01
002493.SZ,2010-11-02,2099-01-01
002494.SZ,2010-11-02,2099-01-01
002495.SZ,2010-11-02,2099-01-01
002496.SZ,2010-11-09,2099-01-01
002497.SZ,2010-11-09,2099-01-01
002498.SZ,2010-11-09,2099-01-01
002499.SZ,2010-11-09,2099-01-01
002500.SZ,2010-11-15,2099-01-01
002501.SZ,2010-11-17,2099-01-01
002502.SZ,2010-11-17,2099-01-01
002503.SZ,2010-11-17,2099-01-01
002504.SZ,2010-11-18,2099-01-01
002505.SZ,2010-11-18,2099-01-01
002506.SZ,2010-11-18,2099-01-01
002507.SZ,2010-11-23,2099-01-01
002508.SZ,2010-11-23,2099-01-01
002509.SZ,2010-11-23,2099-01-01
002510.SZ,2010-11-25,2099-01-01
002511.SZ,2010-11-25,2099-01-01
002512.SZ,2010-12-03,2099-01-01
002513.SZ,2010-12-03,2099-01-01
002514.SZ,2010-12-03,2099-01-01
002515.SZ,2010-12-03,2099-01-01
002516.SZ,2010-12-07,2099-01-01
002517.SZ,2010-12-07,2099-01-01
002518.SZ,2010-12-07,2099-01-01
002519.SZ,2010-12-07,2099-01-01
002520.SZ,2010-12-10,2099-01-01
002521.SZ,2010-12-10,2099-01-01
002522.SZ,2010-12-10,2099-01-01
002523.SZ,2010-12-10,2099-01-01
002524.SZ,2010-12-17,2099-01-01
002526.SZ,2010-12-17,2099-01-01
002527.SZ,2010-12-24,2099-01-01
002528.SZ,2010-12-24,2099-01-01
002529.SZ,2010-12-24,2099-01-01
002530.SZ,2010-12-31,2099-01-01
002531.SZ,2010-12-31,2099-01-01
002532.SZ,2010-12-31,2099-01-01
002533.SZ,2010-12-31,2099-01-01
002534.SZ,2011-01-10,2099-01-01
002535.SZ,2011-01-11,2099-01-01
002536.SZ,2011-01-11,2099-01-01
002537.SZ,2011-01-10,2099-01-01
002538.SZ,2011-01-18,2099-01-01
002539.SZ,2011-01-18,2099-01-01
002540.SZ,2011-01-18,2099-01-01
002541.SZ,2011-01-18,2099-01-01
002542.SZ,2011-01-28,2099-01-01
002543.SZ,2011-01-28,2099-01-01
002544.SZ,2011-01-28,2099-01-01
002545.SZ,2011-02-11,2099-01-01
002546.SZ,2011-02-11,2099-01-01
002547.SZ,2011-02-18,2099-01-01
002548.SZ,2011-02-18,2099-01-01
002549.SZ,2011-02-18,2099-01-01
002550.SZ,2011-02-18,2099-01-01
002551.SZ,2011-02-25,2099-01-01
002552.SZ,2011-02-25,2099-01-01
002553.SZ,2011-02-25,2099-01-01
002554.SZ,2011-02-25,2099-01-01
002555.SZ,2011-03-02,2099-01-01
002556.SZ,2011-03-02,2099-01-01
002557.SZ,2011-03-02,2099-01-01
002558.SZ,2011-03-02,2099-01-01
002559.SZ,2011-03-03,2099-01-01
002560.SZ,2011-03-03,2099-01-01
002561.SZ,2011-03-03,2099-01-01
002562.SZ,2011-03-10,2099-01-01
002563.SZ,2011-03-11,2099-01-01
002564.SZ,2011-03-10,2099-01-01
002565.SZ,2011-03-18,2099-01-01
002566.SZ,2011-03-18,2099-01-01
002567.SZ,2011-03-25,2099-01-01
002568.SZ,2011-03-25,2099-01-01
002569.SZ,2011-04-12,2099-01-01
002570.SZ,2011-04-12,2099-01-01
002571.SZ,2011-04-12,2099-01-01
002572.SZ,2011-04-12,2099-01-01
002573.SZ,2011-04-22,2099-01-01
002574.SZ,2011-04-22,2099-01-01
002575.SZ,2011-04-22,2099-01-01
002576.SZ,2011-04-28,2099-01-01
002577.SZ,2011-04-28,2099-01-01
002578.SZ,2011-04-28,2099-01-01
002579.SZ,2011-05-06,2099-01-01
002580.SZ,2011-05-06,2099-01-01
002581.SZ,2011-05-20,2099-01-01
002582.SZ,2011-05-20,2099-01-01
002583.SZ,2011-05-27,2099-01-01
002584.SZ,2011-06-02,2099-01-01
002585.SZ,2011-06-02,2099-01-01
002586.SZ,2011-06-02,2099-01-01
002587.SZ,2011-06-10,2099-01-01
002588.SZ,2011-06-10,2099-01-01
002589.SZ,2011-06-10,2099-01-01
002590.SZ,2011-06-10,2099-01-01
002591.SZ,2011-06-21,2099-01-01
002592.SZ,2011-11-11,2099-01-01
002593.SZ,2011-06-28,2099-01-01
002594.SZ,2011-06-30,2099-01-01
002595.SZ,2011-06-28,2099-01-01
002596.SZ,2011-07-07,2099-01-01
002597.SZ,2011-07-07,2099-01-01
002598.SZ,2011-07-07,2099-01-01
002599.SZ,2011-07-15,2099-01-01
002600.SZ,2011-07-15,2099-01-01
002601.SZ,2011-07-15,2099-01-01
002602.SZ,2011-07-28,2099-01-01
002603.SZ,2011-07-28,2099-01-01
002604.SZ,2011-07-28,2099-01-01
002605.SZ,2011-08-05,2099-01-01
002606.SZ,2011-08-05,2099-01-01
002607.SZ,2011-08-10,2099-01-01
002608.SZ,2011-08-10,2099-01-01
002609.SZ,2011-08-15,2099-01-01
002610.SZ,2011-08-15,2099-01-01
002611.SZ,2011-08-30,2099-01-01
002612.SZ,2011-08-30,2099-01-01
002613.SZ,2011-08-30,2099-01-01
002614.SZ,2011-09-09,2099-01-01
002615.SZ,2011-09-09,2099-01-01
002616.SZ,2011-09-20,2099-01-01
002617.SZ,2011-09-20,2099-01-01
002618.SZ,2011-09-20,2099-01-01
002619.SZ,2011-09-29,2099-01-01
002620.SZ,2011-09-29,2099-01-01
002621.SZ,2011-09-29,2099-01-01
002622.SZ,2011-10-18,2099-01-01
002623.SZ,2011-10-13,2099-01-01
002624.SZ,2011-10-28,2099-01-01
002625.SZ,2011-11-03,2099-01-01
002626.SZ,2011-10-28,2099-01-01
002627.SZ,2011-11-03,2099-01-01
002628.SZ,2011-11-03,2099-01-01
002629.SZ,2011-11-03,2099-01-01
002630.SZ,2011-11-11,2099-01-01
002631.SZ,2011-11-11,2099-01-01
002632.SZ,2011-11-22,2099-01-01
002633.SZ,2011-11-22,2099-01-01
002634.SZ,2011-12-05,2099-01-01
002635.SZ,2011-11-25,2099-01-01
002636.SZ,2011-11-25,2099-01-01
002637.SZ,2011-11-25,2099-01-01
002638.SZ,2011-11-25,2099-01-01
002639.SZ,2011-12-05,2099-01-01
002640.SZ,2011-12-08,2099-01-01
002641.SZ,2011-12-08,2099-01-01
002642.SZ,2011-12-20,2099-01-01
002643.SZ,2011-12-20,2099-01-01
002644.SZ,2011-12-22,2099-01-01
002645.SZ,2011-12-20,2099-01-01
002646.SZ,2011-12-22,2099-01-01
002647.SZ,2011-12-28,2099-01-01
002648.SZ,2011-12-28,2099-01-01
002649.SZ,2012-01-06,2099-01-01
002650.SZ,2012-01-06,2099-01-01
002651.SZ,2012-01-06,2099-01-01
002652.SZ,2012-01-19,2099-01-01
002653.SZ,2012-01-17,2099-01-01
002654.SZ,2012-02-17,2099-01-01
002655.SZ,2012-02-17,2099-01-01
002656.SZ,2012-02-28,2099-01-01
002657.SZ,2012-02-28,2099-01-01
002658.SZ,2012-03-09,2099-01-01
002659.SZ,2012-03-09,2099-01-01
002660.SZ,2012-03-16,2099-01-01
002661.SZ,2012-03-16,2099-01-01
002662.SZ,2012-03-09,2099-01-01
002663.SZ,2012-03-16,2099-01-01
002664.SZ,2012-03-16,2099-01-01
002665.SZ,2012-03-27,2099-01-01
002666.SZ,2012-03-27,2099-01-01
002667.SZ,2012-03-29,2099-01-01
002668.SZ,2012-04-16,2099-01-01
002669.SZ,2012-04-16,2099-01-01
002670.SZ,2012-04-16,2099-01-01
002671.SZ,2012-04-26,2099-01-01
002672.SZ,2012-04-26,2099-01-01
002673.SZ,2012-05-03,2099-01-01
002674.SZ,2012-05-07,2099-01-01
002675.SZ,2012-05-25,2099-01-01
002676.SZ,2012-05-25,2099-01-01
002677.SZ,2012-05-25,2099-01-01
002678.SZ,2012-05-30,2099-01-01
002679.SZ,2012-06-05,2099-01-01
002680.SZ,2012-06-05,2099-01-01
002681.SZ,2012-06-05,2099-01-01
002682.SZ,2012-06-12,2099-01-01
002683.SZ,2012-06-12,2099-01-01
002684.SZ,2012-06-12,2099-01-01
002685.SZ,2012-06-12,2099-01-01
002686.SZ,2012-07-03,2099-01-01
002687.SZ,2012-07-13,2099-01-01
002688.SZ,2012-07-13,2099-01-01
002689.SZ,2012-07-17,2099-01-01
002690.SZ,2012-07-31,2099-01-01
002691.SZ,2012-07-31,2099-01-01
002692.SZ,2012-08-08,2099-01-01
002693.SZ,2012-08-08,2099-01-01
002694.SZ,2012-08-16,2099-01-01
002695.SZ,2012-09-05,2099-01-01
002696.SZ,2012-09-05,2099-01-01
002697.SZ,2012-09-05,2099-01-01
002698.SZ,2012-09-11,2099-01-01
002699.SZ,2012-09-11,2099-01-01
002700.SZ,2012-09-21,2099-01-01
002701.SZ,2012-10-11,2099-01-01
002702.SZ,2012-10-11,2099-01-01
002703.SZ,2012-11-02,2099-01-01
002705.SZ,2014-01-21,2099-01-01
002706.SZ,2014-01-21,2099-01-01
002707.SZ,2014-01-23,2099-01-01
002708.SZ,2014-01-21,2099-01-01
002709.SZ,2014-01-23,2099-01-01
002711.SZ,2014-01-27,2099-01-01
002712.SZ,2014-01-23,2099-01-01
002713.SZ,2014-02-19,2099-01-01
002714.SZ,2014-01-28,2099-01-01
002715.SZ,2014-02-19,2099-01-01
002716.SZ,2014-01-28,2099-01-01
002717.SZ,2014-02-19,2099-01-01
002718.SZ,2014-01-28,2099-01-01
002719.SZ,2014-01-28,2099-01-01
002721.SZ,2014-01-27,2099-01-01
002722.SZ,2014-01-28,2099-01-01
002723.SZ,2014-01-29,2099-01-01
002724.SZ,2014-11-04,2099-01-01
002725.SZ,2014-01-29,2099-01-01
002726.SZ,2014-06-26,2099-01-01
002727.SZ,2014-07-02,2099-01-01
002728.SZ,2014-07-31,2099-01-01
002729.SZ,2014-09-12,2099-01-01
002730.SZ,2014-10-09,2099-01-01
002731.SZ,2014-11-04,2099-01-01
002732.SZ,2014-12-05,2099-01-01
002733.SZ,2014-12-03,2099-01-01
002734.SZ,2015-01-27,2099-01-01
002735.SZ,2014-12-03,2099-01-01
002736.SZ,2014-12-29,2099-01-01
002737.SZ,2014-12-30,2099-01-01
002738.SZ,2014-12-30,2099-01-01
002739.SZ,2015-01-22,2099-01-01
002740.SZ,2015-01-22,2099-01-01
002741.SZ,2015-02-16,2099-01-01
002742.SZ,2015-02-17,2099-01-01
002743.SZ,2015-02-17,2099-01-01
002745.SZ,2015-02-17,2099-01-01
002746.SZ,2015-02-16,2099-01-01
002747.SZ,2015-03-20,2099-01-01
002748.SZ,2015-03-19,2099-01-01
002749.SZ,2015-03-20,2099-01-01
002750.SZ,2015-03-24,2099-01-01
002751.SZ,2015-04-24,2099-01-01
002752.SZ,2015-04-22,2099-01-01
002753.SZ,2015-05-19,2099-01-01
002755.SZ,2015-05-15,2099-01-01
002756.SZ,2015-05-15,2099-01-01
002757.SZ,2015-05-27,2099-01-01
002758.SZ,2015-05-27,2099-01-01
002759.SZ,2015-05-28,2099-01-01
002760.SZ,2015-06-11,2099-01-01
002761.SZ,2015-06-10,2099-01-01
002762.SZ,2015-06-10,2099-01-01
002763.SZ,2015-06-10,2099-01-01
002765.SZ,2015-06-12,2099-01-01
002766.SZ,2015-06-11,2099-01-01
002767.SZ,2015-06-12,2099-01-01
002768.SZ,2015-06-30,2099-01-01
002769.SZ,2015-06-29,2099-01-01
002770.SZ,2015-06-30,2099-01-01
002771.SZ,2015-06-29,2099-01-01
002772.SZ,2015-06-26,2099-01-01
002773.SZ,2015-06-26,2099-01-01
002775.SZ,2015-06-29,2099-01-01
002776.SZ,2015-06-26,2099-01-01
002777.SZ,2015-12-31,2099-01-01
002779.SZ,2015-12-09,2099-01-01
002780.SZ,2015-12-09,2099-01-01
002781.SZ,2015-12-22,2099-01-01
002782.SZ,2015-12-22,2099-01-01
002783.SZ,2015-12-09,2099-01-01
002785.SZ,2015-12-23,2099-01-01
002786.SZ,2015-12-23,2099-01-01
002787.SZ,2015-12-31,2099-01-01
300001.SZ,2009-10-30,2099-01-01
300002.SZ,2009-10-30,2099-01-01
300003.SZ,2009-10-30,2099-01-01
300004.SZ,2009-10-30,2099-01-01
300005.SZ,2009-10-30,2099-01-01
300006.SZ,2009-10-30,2099-01-01
300007.SZ,2009-10-30,2099-01-01
300008.SZ,2009-10-30,2099-01-01
300009.SZ,2009-10-30,2099-01-01
300010.SZ,2009-10-30,2099-01-01
300011.SZ,2009-10-30,2099-01-01
300012.SZ,2009-10-30,2099-01-01
300013.SZ,2009-10-30,2099-01-01
300014.SZ,2009-10-30,2099-01-01
300015.SZ,2009-10-30,2099-01-01
300016.SZ,2009-10-30,2099-01-01
300017.SZ,2009-10-30,2099-01-01
300018.SZ,2009-10-30,2099-01-01
300019.SZ,2009-10-30,2099-01-01
300020.SZ,2009-10-30,2099-01-01
300021.SZ,2009-10-30,2099-01-01
300022.SZ,2009-10-30,2099-01-01
300023.SZ,2009-10-30,2099-01-01
300024.SZ,2009-10-30,2099-01-01
300025.SZ,2009-10-30,2099-01-01
300026.SZ,2009-10-30,2099-01-01
300027.SZ,2009-10-30,2099-01-01
300028.SZ,2009-10-30,2099-01-01
300029.SZ,2009-12-25,2099-01-01
300030.SZ,2009-12-25,2099-01-01
300031.SZ,2009-12-25,2099-01-01
300032.SZ,2009-12-25,2099-01-01
300033.SZ,2009-12-25,2099-01-01
300034.SZ,2009-12-25,2099-01-01
300035.SZ,2009-12-25,2099-01-01
300036.SZ,2009-12-25,2099-01-01
300037.SZ,2010-01-08,2099-01-01
300038.SZ,2010-01-08,2099-01-01
300039.SZ,2010-01-08,2099-01-01
300040.SZ,2010-01-08,2099-01-01
300041.SZ,2010-01-08,2099-01-01
300042.SZ,2010-01-08,2099-01-01
300043.SZ,2010-01-20,2099-01-01
300044.SZ,2010-01-20,2099-01-01
300045.SZ,2010-01-20,2099-01-01
300046.SZ,2010-01-20,2099-01-01
300047.SZ,2010-01-20,2099-01-01
300048.SZ,2010-01-20,2099-01-01
300049.SZ,2010-01-20,2099-01-01
300050.SZ,2010-01-20,2099-01-01
300051.SZ,2010-02-11,2099-01-01
300052.SZ,2010-02-11,2099-01-01
300053.SZ,2010-02-11,2099-01-01
300054.SZ,2010-02-11,2099-01-01
300055.SZ,2010-02-26,2099-01-01
300056.SZ,2010-02-26,2099-01-01
300057.SZ,2010-02-26,2099-01-01
300058.SZ,2010-02-26,2099-01-01
300059.SZ,2010-03-19,2099-01-01
300061.SZ,2010-03-19,2099-01-01
300062.SZ,2010-03-19,2099-01-01
300063.SZ,2010-03-26,2099-01-01
300064.SZ,2010-03-26,2099-01-01
300065.SZ,2010-03-26,2099-01-01
300066.SZ,2010-03-26,2099-01-01
300067.SZ,2010-04-21,2099-01-01
300068.SZ,2010-04-21,2099-01-01
300069.SZ,2010-04-21,2099-01-01
300070.SZ,2010-04-21,2099-01-01
300071.SZ,2010-04-21,2099-01-01
300072.SZ,2010-04-27,2099-01-01
300073.SZ,2010-04-27,2099-01-01
300074.SZ,2010-04-27,2099-01-01
300075.SZ,2010-04-27,2099-01-01
300076.SZ,2010-04-30,2099-01-01
300077.SZ,2010-04-30,2099-01-01
300078.SZ,2010-04-30,2099-01-01
300079.SZ,2010-04-30,2099-01-01
300080.SZ,2010-06-25,2099-01-01
300081.SZ,2010-05-20,2099-01-01
300082.SZ,2010-05-20,2099-01-01
300083.SZ,2010-05-20,2099-01-01
300084.SZ,2010-05-20,2099-01-01
300085.SZ,2010-05-26,2099-01-01
300086.SZ,2010-05-26,2099-01-01
300087.SZ,2010-05-26,2099-01-01
300088.SZ,2010-05-26,2099-01-01
300089.SZ,2010-06-25,2099-01-01
300090.SZ,2010-06-25,2099-01-01
300091.SZ,2010-06-25,2099-01-01
300092.SZ,2010-07-08,2099-01-01
300093.SZ,2010-07-08,2099-01-01
300094.SZ,2010-07-08,2099-01-01
300095.SZ,2010-07-28,2099-01-01
300096.SZ,2010-07-28,2099-01-01
300097.SZ,2010-07-28,2099-01-01
300098.SZ,2010-07-28,2099-01-01
300099.SZ,2010-08-06,2099-01-01
300100.SZ,2010-08-06,2099-01-01
300101.SZ,2010-08-06,2099-01-01
300102.SZ,2010-08-12,2099-01-01
300103.SZ,2010-08-12,2099-01-01
300104.SZ,2010-08-12,2099-01-01
300105.SZ,2010-08-20,2099-01-01
300106.SZ,2010-08-20,2099-01-01
300107.SZ,2010-08-20,2099-01-01
300108.SZ,2010-08-25,2099-01-01
300109.SZ,2010-08-25,2099-01-01
300110.SZ,2010-08-25,2099-01-01
300111.SZ,2010-08-27,2099-01-01
300112.SZ,2010-08-27,2099-01-01
300113.SZ,2010-08-27,2099-01-01
300114.SZ,2010-08-27,2099-01-01
300115.SZ,2010-09-02,2099-01-01
300116.SZ,2010-09-02,2099-01-01
300117.SZ,2010-09-02,2099-01-01
300118.SZ,2010-09-02,2099-01-01
300119.SZ,2010-09-17,2099-01-01
300120.SZ,2010-09-17,2099-01-01
300121.SZ,2010-09-17,2099-01-01
300122.SZ,2010-09-28,2099-01-01
300123.SZ,2010-09-28,2099-01-01
300124.SZ,2010-09-28,2099-01-01
300125.SZ,2010-10-13,2099-01-01
300126.SZ,2010-10-13,2099-01-01
300127.SZ,2010-10-13,2099-01-01
300128.SZ,2010-10-13,2099-01-01
300129.SZ,2010-10-19,2099-01-01
300130.SZ,2010-10-19,2099-01-01
300131.SZ,2010-10-19,2099-01-01
300132.SZ,2010-10-26,2099-01-01
300133.SZ,2010-10-26,2099-01-01
300134.SZ,2010-10-26,2099-01-01
300135.SZ,2010-10-26,2099-01-01
300136.SZ,2010-11-05,2099-01-01
300137.SZ,2010-11-05,2099-01-01
300138.SZ,2010-11-05,2099-01-01
300139.SZ,2010-11-12,2099-01-01
300140.SZ,2010-11-12,2099-01-01
300141.SZ,2010-11-12,2099-01-01
300142.SZ,2010-11-12,2099-01-01
300143.SZ,2010-12-09,2099-01-01
300144.SZ,2010-12-09,2099-01-01
300145.SZ,2010-12-09,2099-01-01
300146.SZ,2010-12-15,2099-01-01
300147.SZ,2010-12-15,2099-01-01
300148.SZ,2010-12-15,2099-01-01
300149.SZ,2010-12-22,2099-01-01
300150.SZ,2010-12-22,2099-01-01
300151.SZ,2010-12-22,2099-01-01
300152.SZ,2010-12-29,2099-01-01
300153.SZ,2010-12-29,2099-01-01
300154.SZ,2010-12-29,2099-01-01
300155.SZ,2011-01-07,2099-01-01
300156.SZ,2011-01-07,2099-01-01
300157.SZ,2011-01-07,2099-01-01
300158.SZ,2011-01-07,2099-01-01
300159.SZ,2011-01-07,2099-01-01
300160.SZ,2011-01-13,2099-01-01
300161.SZ,2011-01-13,2099-01-01
300162.SZ,2011-01-13,2099-01-01
300163.SZ,2011-01-13,2099-01-01
300164.SZ,2011-01-13,2099-01-01
300165.SZ,2011-01-25,2099-01-01
300166.SZ,2011-01-25,2099-01-01
300167.SZ,2011-01-25,2099-01-01
300168.SZ,2011-01-25,2099-01-01
300169.SZ,2011-01-25,2099-01-01
300170.SZ,2011-02-01,2099-01-01
300171.SZ,2011-02-01,2099-01-01
300172.SZ,2011-02-01,2099-01-01
300173.SZ,2011-02-01,2099-01-01
300174.SZ,2011-02-01,2099-01-01
300175.SZ,2011-02-15,2099-01-01
300176.SZ,2011-02-15,2099-01-01
300177.SZ,2011-02-15,2099-01-01
300178.SZ,2011-02-15,2099-01-01
300179.SZ,2011-02-15,2099-01-01
300180.SZ,2011-02-22,2099-01-01
300181.SZ,2011-02-22,2099-01-01
300182.SZ,2011-02-22,2099-01-01
300183.SZ,2011-02-22,2099-01-01
300184.SZ,2011-02-22,2099-01-01
300185.SZ,2011-03-08,2099-01-01
300186.SZ,2011-03-08,2015-11-02
300187.SZ,2011-03-08,2099-01-01
300188.SZ,2011-03-16,2099-01-01
300189.SZ,2011-03-16,2099-01-01
300190.SZ,2011-03-16,2099-01-01
300191.SZ,2011-03-16,2099-01-01
300192.SZ,2011-03-22,2099-01-01
300193.SZ,2011-03-22,2099-01-01
300194.SZ,2011-03-22,2099-01-01
300195.SZ,2011-03-29,2099-01-01
300196.SZ,2011-03-29,2099-01-01
300197.SZ,2011-03-29,2099-01-01
300198.SZ,2011-04-07,2099-01-01
300199.SZ,2011-04-07,2099-01-01
300200.SZ,2011-04-07,2099-01-01
300201.SZ,2011-04-07,2099-01-01
300202.SZ,2011-04-15,2099-01-01
300203.SZ,2011-04-15,2099-01-01
300204.SZ,2011-04-15,2099-01-01
300205.SZ,2011-04-21,2099-01-01
300206.SZ,2011-04-21,2099-01-01
300207.SZ,2011-04-21,2099-01-01
300208.SZ,2011-04-26,2099-01-01
300209.SZ,2011-04-26,2099-01-01
300210.SZ,2011-04-26,2099-01-01
300211.SZ,2011-05-05,2099-01-01
300212.SZ,2011-05-05,2099-01-01
300213.SZ,2011-05-05,2099-01-01
300214.SZ,2011-05-11,2099-01-01
300215.SZ,2011-05-11,2099-01-01
300216.SZ,2011-05-11,2099-01-01
300217.SZ,2011-05-18,2099-01-01
300218.SZ,2011-05-18,2099-01-01
300219.SZ,2011-05-18,2099-01-01
300220.SZ,2011-05-25,2099-01-01
300221.SZ,2011-05-25,2099-01-01
300222.SZ,2011-05-25,2099-01-01
300223.SZ,2011-05-31,2099-01-01
300224.SZ,2011-05-31,2099-01-01
300225.SZ,2011-05-31,2099-01-01
300226.SZ,2011-06-08,2099-01-01
300227.SZ,2011-06-08,2099-01-01
300228.SZ,2011-06-08,2099-01-01
300229.SZ,2011-06-15,2099-01-01
300230.SZ,2011-06-15,2099-01-01
300231.SZ,2011-06-15,2099-01-01
300232.SZ,2011-06-22,2099-01-01
300233.SZ,2011-06-22,2099-01-01
300234.SZ,2011-06-22,2099-01-01
300235.SZ,2011-06-29,2099-01-01
300236.SZ,2011-06-29,2099-01-01
300237.SZ,2011-06-29,2099-01-01
300238.SZ,2011-07-06,2099-01-01
300239.SZ,2011-07-06,2099-01-01
300240.SZ,2011-07-06,2099-01-01
300241.SZ,2011-07-12,2099-01-01
300242.SZ,2011-07-12,2099-01-01
300243.SZ,2011-07-12,2099-01-01
300244.SZ,2011-07-19,2099-01-01
300245.SZ,2011-07-19,2099-01-01
300246.SZ,2011-07-19,2099-01-01
300247.SZ,2011-07-29,2099-01-01
300248.SZ,2011-07-29,2099-01-01
300249.SZ,2011-08-03,2099-01-01
300250.SZ,2011-08-03,2099-01-01
300251.SZ,2011-08-03,2099-01-01
300252.SZ,2011-08-18,2099-01-01
300253.SZ,2011-08-18,2099-01-01
300254.SZ,2011-08-19,2099-01-01
300255.SZ,2011-08-19,2099-01-01
300256.SZ,2011-08-19,2099-01-01
300257.SZ,2011-08-19,2099-01-01
300258.SZ,2011-08-26,2099-01-01
300259.SZ,2011-08-31,2099-01-01
300260.SZ,2011-09-06,2099-01-01
300261.SZ,2011-09-06,2099-01-01
300262.SZ,2011-09-16,2099-01-01
300263.SZ,2011-09-16,2099-01-01
300264.SZ,2011-09-16,2099-01-01
300265.SZ,2011-09-16,2099-01-01
300266.SZ,2011-09-27,2099-01-01
300267.SZ,2011-09-27,2099-01-01
300268.SZ,2011-09-27,2099-01-01
300269.SZ,2011-10-12,2099-01-01
300270.SZ,2011-10-12,2099-01-01
300271.SZ,2011-10-26,2099-01-01
300272.SZ,2011-11-02,2099-01-01
300273.SZ,2011-10-26,2099-01-01
300274.SZ,2011-11-02,2099-01-01
300275.SZ,2011-11-02,2099-01-01
300276.SZ,2011-11-15,2099-01-01
300277.SZ,2011-11-23,2099-01-01
300278.SZ,2011-12-16,2099-01-01
300279.SZ,2011-12-29,2099-01-01
300280.SZ,2011-12-29,2099-01-01
300281.SZ,2011-12-29,2099-01-01
300282.SZ,2011-12-29,2099-01-01
300283.SZ,2012-01-10,2099-01-01
300284.SZ,2012-01-10,2099-01-01
300285.SZ,2012-01-13,2099-01-01
300286.SZ,2012-01-13,2099-01-01
300287.SZ,2012-02-01,2099-01-01
300288.SZ,2012-02-16,2099-01-01
300289.SZ,2012-02-16,2099-01-01
300290.SZ,2012-02-16,2099-01-01
300291.SZ,2012-02-09,2099-01-01
300292.SZ,2012-02-29,2099-01-01
300293.SZ,2012-03-08,2099-01-01
300294.SZ,2012-03-08,2099-01-01
300295.SZ,2012-03-15,2099-01-01
300296.SZ,2012-03-15,2099-01-01
300297.SZ,2012-03-15,2099-01-01
300298.SZ,2012-03-19,2099-01-01
300299.SZ,2012-03-19,2099-01-01
300300.SZ,2012-03-19,2099-01-01
300301.SZ,2012-03-21,2099-01-01
300302.SZ,2012-03-21,2099-01-01
300303.SZ,2012-03-19,2099-01-01
300304.SZ,2012-03-21,2099-01-01
300305.SZ,2012-03-29,2099-01-01
300306.SZ,2012-03-29,2099-01-01
300307.SZ,2012-03-29,2099-01-01
300308.SZ,2012-04-10,2099-01-01
300309.SZ,2012-04-10,2099-01-01
300310.SZ,2012-04-25,2099-01-01
300311.SZ,2012-04-25,2099-01-01
300312.SZ,2012-05-08,2099-01-01
300313.SZ,2012-04-25,2099-01-01
300314.SZ,2012-05-08,2099-01-01
300315.SZ,2012-05-11,2099-01-01
300316.SZ,2012-05-11,2099-01-01
300317.SZ,2012-05-11,2099-01-01
300318.SZ,2012-05-23,2099-01-01
300319.SZ,2012-05-23,2099-01-01
300320.SZ,2012-06-01,2099-01-01
300321.SZ,2012-05-23,2099-01-01
300322.SZ,2012-06-08,2099-01-01
300323.SZ,2012-06-01,2099-01-01
300324.SZ,2012-06-08,2099-01-01
300325.SZ,2012-06-01,2099-01-01
300326.SZ,2012-06-13,2099-01-01
300327.SZ,2012-06-13,2099-01-01
300328.SZ,2012-06-19,2099-01-01
300329.SZ,2012-06-19,2099-01-01
300330.SZ,2012-06-19,2099-01-01
300331.SZ,2012-06-28,2099-01-01
300332.SZ,2012-06-28,2099-01-01
300333.SZ,2012-06-28,2099-01-01
300334.SZ,2012-07-05,2099-01-01
300335.SZ,2012-07-10,2099-01-01
300336.SZ,2012-07-10,2099-01-01
300337.SZ,2012-07-18,2099-01-01
300338.SZ,2012-07-26,2099-01-01
300339.SZ,2012-07-18,2099-01-01
300340.SZ,2012-07-26,2099-01-01
300341.SZ,2012-07-26,2099-01-01
300342.SZ,2012-07-26,2099-01-01
300343.SZ,2012-08-01,2099-01-01
300344.SZ,2012-08-01,2099-01-01
300345.SZ,2012-08-01,2099-01-01
300346.SZ,2012-08-07,2099-01-01
300347.SZ,2012-08-17,2099-01-01
300348.SZ,2012-08-17,2099-01-01
300349.SZ,2012-08-17,2099-01-01
300350.SZ,2012-08-21,2099-01-01
300351.SZ,2012-09-20,2099-01-01
300352.SZ,2012-09-12,2099-01-01
300353.SZ,2012-09-27,2099-01-01
300354.SZ,2012-09-20,2099-01-01
300355.SZ,2012-09-27,2099-01-01
300356.SZ,2012-10-09,2099-01-01
300357.SZ,2014-01-21,2099-01-01
300358.SZ,2014-01-21,2099-01-01
300359.SZ,2014-01-21,2099-01-01
300360.SZ,2014-01-21,2099-01-01
300362.SZ,2014-01-21,2099-01-01
300363.SZ,2014-01-29,2099-01-01
300364.SZ,2015-01-21,2099-01-01
300365.SZ,2014-01-23,2099-01-01
300366.SZ,2014-01-27,2099-01-01
300367.SZ,2014-01-29,2099-01-01
300368.SZ,2014-01-23,2099-01-01
300369.SZ,2014-01-29,2099-01-01
300370.SZ,2014-01-23,2099-01-01
300371.SZ,2014-01-23,2099-01-01
300372.SZ,2014-01-27,2099-01-01
300373.SZ,2014-01-23,2099-01-01
300374.SZ,2015-03-19,2099-01-01
300375.SZ,2014-01-27,2099-01-01
300376.SZ,2014-01-27,2099-01-01
300377.SZ,2014-01-27,2099-01-01
300378.SZ,2014-01-27,2099-01-01
300379.SZ,2014-01-28,2099-01-01
300380.SZ,2014-01-28,2099-01-01
300381.SZ,2014-01-28,2099-01-01
300382.SZ,2014-01-29,2099-01-01
300383.SZ,2014-01-29,2099-01-01
300384.SZ,2014-08-01,2099-01-01
300385.SZ,2014-06-26,2099-01-01
300386.SZ,2014-06-26,2099-01-01
300387.SZ,2014-07-02,2099-01-01
300388.SZ,2014-08-01,2099-01-01
300389.SZ,2014-08-01,2099-01-01
300390.SZ,2014-07-31,2099-01-01
300391.SZ,2014-08-01,2099-01-01
300392.SZ,2014-09-10,2099-01-01
300393.SZ,2014-09-12,2099-01-01
300394.SZ,2015-02-17,2099-01-01
300395.SZ,2014-09-10,2099-01-01
300396.SZ,2014-09-10,2099-01-01
300397.SZ,2014-09-10,2099-01-01
300398.SZ,2014-10-09,2099-01-01
300399.SZ,2014-10-09,2099-01-01
300400.SZ,2014-10-10,2099-01-01
300401.SZ,2014-10-09,2099-01-01
300402.SZ,2014-10-10,2099-01-01
300403.SZ,2014-10-30,2099-01-01
300404.SZ,2015-04-24,2099-01-01
300405.SZ,2014-10-30,2099-01-01
300406.SZ,2014-10-30,2099-01-01
300407.SZ,2014-12-03,2099-01-01
300408.SZ,2014-12-03,2099-01-01
300409.SZ,2014-12-03,2099-01-01
300410.SZ,2014-12-31,2099-01-01
300411.SZ,2014-12-31,2099-01-01
300412.SZ,2014-12-31,2099-01-01
300413.SZ,2015-01-21,2099-01-01
300414.SZ,2015-05-13,2099-01-01
300415.SZ,2015-01-23,2099-01-01
300416.SZ,2015-01-22,2099-01-01
300417.SZ,2015-01-23,2099-01-01
300418.SZ,2015-01-21,2099-01-01
300419.SZ,2015-01-22,2099-01-01
300420.SZ,2015-02-17,2099-01-01
300421.SZ,2015-02-17,2099-01-01
300422.SZ,2015-02-17,2099-01-01
300423.SZ,2015-02-17,2099-01-01
300424.SZ,2015-04-22,2099-01-01
300425.SZ,2015-02-16,2099-01-01
300426.SZ,2015-02-17,2099-01-01
300427.SZ,2015-02-17,2099-01-01
300428.SZ,2015-03-19,2099-01-01
300429.SZ,2015-03-24,2099-01-01
300430.SZ,2015-03-19,2099-01-01
300431.SZ,2015-03-24,2099-01-01
300432.SZ,2015-03-19,2099-01-01
300433.SZ,2015-03-18,2099-01-01
300434.SZ,2015-04-24,2099-01-01
300435.SZ,2015-03-26,2099-01-01
300436.SZ,2015-04-22,2099-01-01
300437.SZ,2015-04-23,2099-01-01
300438.SZ,2015-04-24,2099-01-01
300439.SZ,2015-04-22,2099-01-01
300440.SZ,2015-04-23,2099-01-01
300441.SZ,2015-04-23,2099-01-01
300442.SZ,2015-04-24,2099-01-01
300443.SZ,2015-04-22,2099-01-01
300444.SZ,2015-04-23,2099-01-01
300445.SZ,2015-04-24,2099-01-01
300446.SZ,2015-04-23,2099-01-01
300447.SZ,2015-04-22,2099-01-01
300448.SZ,2015-04-24,2099-01-01
300449.SZ,2015-04-22,2099-01-01
300450.SZ,2015-05-18,2099-01-01
300451.SZ,2015-05-14,2099-01-01
300452.SZ,2015-05-15,2099-01-01
300453.SZ,2015-05-15,2099-01-01
300455.SZ,2015-05-15,2099-01-01
300456.SZ,2015-05-14,2099-01-01
300457.SZ,2015-05-14,2099-01-01
300458.SZ,2015-05-15,2099-01-01
300459.SZ,2015-05-15,2099-01-01
300460.SZ,2015-05-15,2099-01-01
300461.SZ,2015-05-19,2099-01-01
300462.SZ,2015-05-27,2099-01-01
300463.SZ,2015-05-28,2099-01-01
300464.SZ,2015-06-10,2099-01-01
300465.SZ,2015-05-28,2099-01-01
300466.SZ,2015-05-28,2099-01-01
300467.SZ,2015-05-27,2099-01-01
300468.SZ,2015-05-27,2099-01-01
300469.SZ,2015-06-11,2099-01-01
300470.SZ,2015-06-12,2099-01-01
300471.SZ,2015-06-11,2099-01-01
300472.SZ,2015-06-11,2099-01-01
300473.SZ,2015-06-12,2099-01-01
300475.SZ,2015-06-10,2099-01-01
300476.SZ,2015-06-11,2099-01-01
300477.SZ,2015-06-10,2099-01-01
300478.SZ,2015-06-10,2099-01-01
300479.SZ,2015-06-12,2099-01-01
300480.SZ,2015-07-02,2099-01-01
300481.SZ,2015-06-30,2099-01-01
300482.SZ,2015-06-30,2099-01-01
300483.SZ,2015-06-30,2099-01-01
300485.SZ,2015-06-26,2099-01-01
300486.SZ,2015-06-30,2099-01-01
300487.SZ,2015-07-02,2099-01-01
300488.SZ,2015-07-01,2099-01-01
300489.SZ,2015-07-01,2099-01-01
300490.SZ,2015-12-31,2099-01-01
300491.SZ,2015-12-31,2099-01-01
300492.SZ,2015-12-23,2099-01-01
300493.SZ,2015-12-10,2099-01-01
300494.SZ,2015-12-31,2099-01-01
300495.SZ,2015-12-22,2099-01-01
300496.SZ,2015-12-10,2099-01-01
300497.SZ,2015-12-22,2099-01-01
300498.SZ,2015-11-02,2099-01-01
600000.SH,1999-11-10,2099-01-01
600004.SH,2003-04-28,2099-01-01
600005.SH,1999-08-03,2099-01-01
600006.SH,1999-07-27,2099-01-01
600007.SH,1999-03-12,2099-01-01
600008.SH,2000-04-27,2099-01-01
600009.SH,1998-02-18,2099-01-01
600010.SH,2001-03-09,2099-01-01
600011.SH,2001-12-06,2099-01-01
600012.SH,2003-01-07,2099-01-01
600015.SH,2003-09-12,2099-01-01
600016.SH,2000-12-19,2099-01-01
600017.SH,2006-10-17,2099-01-01
600018.SH,2006-10-26,2099-01-01
600019.SH,2000-12-12,2099-01-01
600020.SH,2003-08-08,2099-01-01
600021.SH,2003-10-29,2099-01-01
600022.SH,2004-06-29,2099-01-01
600023.SH,2013-12-19,2099-01-01
600026.SH,2002-05-23,2099-01-01
600027.SH,2005-02-03,2099-01-01
600028.SH,2001-08-08,2099-01-01
600029.SH,2003-07-25,2099-01-01
600030.SH,2003-01-06,2099-01-01
600031.SH,2003-07-03,2099-01-01
600033.SH,2001-02-09,2099-01-01
600035.SH,2004-03-10,2099-01-01
600036.SH,2002-04-09,2099-01-01
600037.SH,2001-02-08,2099-01-01
600038.SH,2000-12-18,2099-01-01
600039.SH,2003-03-25,2099-01-01
600048.SH,2006-07-31,2099-01-01
600050.SH,2002-10-09,2099-01-01
600051.SH,1997-04-10,2099-01-01
600052.SH,1997-04-15,2099-01-01
600053.SH,1997-04-18,2099-01-01
600054.SH,1997-05-06,2099-01-01
600055.SH,1997-05-19,2099-01-01
600056.SH,1997-05-15,2099-01-01
600057.SH,1997-06-04,2099-01-01
600058.SH,1997-05-28,2099-01-01
600059.SH,1997-05-16,2099-01-01
600060.SH,1997-04-22,2099-01-01
600061.SH,1997-05-19,2099-01-01
600062.SH,1997-05-22,2099-01-01
600063.SH,1997-05-28,2099-01-01
600064.SH,1997-05-06,2099-01-01
600066.SH,1997-05-08,2099-01-01
600067.SH,1997-05-08,2099-01-01
600068.SH,1997-05-26,2099-01-01
600069.SH,1997-04-30,2099-01-01
600070.SH,1997-06-04,2099-01-01
600071.SH,1997-05-28,2099-01-01
600072.SH,1997-06-03,2099-01-01
600073.SH,1997-07-04,2099-01-01
600074.SH,1997-06-23,2099-01-01
600075.SH,1997-06-17,2099-01-01
600076.SH,1997-05-26,2099-01-01
600077.SH,1997-05-20,2099-01-01
600078.SH,1997-06-27,2099-01-01
600079.SH,1997-06-06,2099-01-01
600080.SH,1997-06-12,2099-01-01
600081.SH,1997-07-03,2099-01-01
600082.SH,1997-06-20,2099-01-01
600083.SH,1997-06-06,2099-01-01
600084.SH,1997-07-11,2099-01-01
600085.SH,1997-06-25,2099-01-01
600086.SH,1997-06-06,2099-01-01
600087.SH,1997-06-12,2014-06-05
600088.SH,1997-06-16,2099-01-01
600089.SH,1997-06-18,2099-01-01
600090.SH,1997-06-16,2099-01-01
600091.SH,1997-07-04,2099-01-01
600093.SH,1997-06-26,2099-01-01
600094.SH,1997-07-03,2099-01-01
600095.SH,1997-07-08,2099-01-01
600096.SH,1997-07-09,2099-01-01
600097.SH,1997-06-19,2099-01-01
600098.SH,1997-07-18,2099-01-01
600099.SH,1997-07-04,2099-01-01
600100.SH,1997-06-27,2099-01-01
600101.SH,1997-06-27,2099-01-01
600102.SH,1997-08-28,2012-02-28
600103.SH,1997-07-03,2099-01-01
600104.SH,1997-11-25,2099-01-01
600105.SH,1997-09-29,2099-01-01
600106.SH,1997-06-18,2099-01-01
600107.SH,1997-11-06,2099-01-01
600108.SH,1997-08-18,2099-01-01
600109.SH,1997-08-07,2099-01-01
600110.SH,1997-10-07,2099-01-01
600111.SH,1997-09-24,2099-01-01
600112.SH,1997-11-27,2099-01-01
600113.SH,1997-10-21,2099-01-01
600114.SH,2004-05-11,2099-01-01
600115.SH,1997-11-05,2099-01-01
600116.SH,1997-08-04,2099-01-01
600117.SH,1997-10-15,2099-01-01
600118.SH,1997-09-08,2099-01-01
600119.SH,1998-01-15,2099-01-01
600120.SH,1997-12-01,2099-01-01
600121.SH,1998-01-07,2099-01-01
600122.SH,1998-04-20,2099-01-01
600123.SH,1998-12-17,2099-01-01
600125.SH,1998-05-11,2099-01-01
600126.SH,1998-03-11,2099-01-01
600127.SH,1998-05-06,2099-01-01
600128.SH,1997-09-01,2099-01-01
600129.SH,1997-11-18,2099-01-01
600130.SH,2000-07-06,2099-01-01
600131.SH,1998-04-02,2099-01-01
600132.SH,1997-10-30,2099-01-01
600133.SH,1998-02-12,2099-01-01
600135.SH,1998-01-22,2099-01-01
600136.SH,1998-03-03,2099-01-01
600137.SH,1998-04-16,2099-01-01
600138.SH,1997-12-03,2099-01-01
600139.SH,1998-02-25,2099-01-01
600141.SH,1999-06-16,2099-01-01
600143.SH,2004-06-23,2099-01-01
600145.SH,1999-09-23,2099-01-01
600146.SH,1999-07-07,2099-01-01
600148.SH,1998-05-20,2099-01-01
600149.SH,1999-10-14,2099-01-01
600150.SH,1998-05-20,2099-01-01
600151.SH,1998-06-05,2099-01-01
600152.SH,1998-06-09,2099-01-01
600153.SH,1998-06-16,2099-01-01
600155.SH,1998-09-18,2099-01-01
600156.SH,1998-05-27,2099-01-01
600157.SH,1998-05-13,2099-01-01
600158.SH,1998-03-27,2099-01-01
600159.SH,1998-05-26,2099-01-01
600160.SH,1998-06-26,2099-01-01
600161.SH,1998-06-16,2099-01-01
600162.SH,1998-06-09,2099-01-01
600163.SH,1998-06-02,2099-01-01
600165.SH,1998-05-29,2099-01-01
600166.SH,1998-06-02,2099-01-01
600167.SH,1999-01-28,2099-01-01
600168.SH,1998-04-27,2099-01-01
600169.SH,1998-09-04,2099-01-01
600170.SH,1998-06-23,2099-01-01
600171.SH,1998-09-24,2099-01-01
600172.SH,1998-11-26,2099-01-01
600173.SH,1999-04-15,2099-01-01
600175.SH,1999-04-08,2099-01-01
600176.SH,1999-04-22,2099-01-01
600177.SH,1998-11-19,2099-01-01
600178.SH,1998-10-14,2099-01-01
600179.SH,1998-11-04,2099-01-01
600180.SH,1998-07-03,2099-01-01
600182.SH,1999-05-07,2099-01-01
600183.SH,1998-10-28,2099-01-01
600184.SH,2003-11-06,2099-01-01
600185.SH,1999-06-11,2099-01-01
600186.SH,1998-08-25,2099-01-01
600187.SH,1998-11-11,2099-01-01
600188.SH,1998-07-01,2099-01-01
600189.SH,1998-10-07,2099-01-01
600190.SH,1999-06-09,2099-01-01
600191.SH,1998-12-10,2099-01-01
600192.SH,1998-12-24,2099-01-01
600193.SH,1999-05-27,2099-01-01
600195.SH,1999-01-07,2099-01-01
600196.SH,1998-08-07,2099-01-01
600197.SH,1999-09-16,2099-01-01
600198.SH,1998-10-21,2099-01-01
600199.SH,1998-08-12,2099-01-01
600200.SH,1999-04-01,2099-01-01
600201.SH,1999-01-15,2099-01-01
600202.SH,1999-06-03,2099-01-01
600203.SH,1999-05-14,2099-01-01
600206.SH,1999-03-19,2099-01-01
600207.SH,1999-07-14,2099-01-01
600208.SH,1999-06-23,2099-01-01
600209.SH,1999-03-25,2099-01-01
600210.SH,1999-08-24,2099-01-01
600211.SH,1999-07-21,2099-01-01
600212.SH,1999-08-17,2099-01-01
600213.SH,1999-08-31,2099-01-01
600215.SH,1999-09-09,2099-01-01
600216.SH,1999-10-21,2099-01-01
600217.SH,1999-12-16,2099-01-01
600218.SH,1998-12-03,2099-01-01
600219.SH,1999-12-23,2099-01-01
600220.SH,1999-09-27,2099-01-01
600221.SH,1999-11-25,2099-01-01
600222.SH,1999-11-05,2099-01-01
600223.SH,2000-01-13,2099-01-01
600225.SH,2000-01-27,2099-01-01
600226.SH,1999-11-16,2099-01-01
600227.SH,2000-02-21,2099-01-01
600228.SH,1999-01-19,2099-01-01
600229.SH,2000-03-09,2099-01-01
600230.SH,2000-04-06,2099-01-01
600231.SH,2000-05-11,2099-01-01
600232.SH,2000-06-02,2099-01-01
600233.SH,2000-06-08,2099-01-01
600234.SH,2000-06-15,2099-01-01
600235.SH,2000-06-15,2099-01-01
600236.SH,2000-03-23,2099-01-01
600237.SH,2000-06-09,2099-01-01
600238.SH,2000-01-20,2099-01-01
600239.SH,1999-12-02,2099-01-01
600240.SH,2000-06-28,2099-01-01
600241.SH,2000-11-28,2099-01-01
600242.SH,2000-12-07,2099-01-01
600243.SH,2000-11-20,2099-01-01
600246.SH,2000-09-22,2099-01-01
600247.SH,2000-11-23,2099-01-01
600248.SH,2000-06-22,2099-01-01
600249.SH,2004-01-30,2099-01-01
600250.SH,2001-03-06,2099-01-01
600251.SH,2003-06-09,2099-01-01
600252.SH,2000-11-30,2099-01-01
600253.SH,2000-12-27,2013-07-15
600255.SH,2000-11-22,2099-01-01
600256.SH,2000-05-26,2099-01-01
600257.SH,2000-06-12,2099-01-01
600258.SH,2000-06-01,2099-01-01
600259.SH,2000-05-25,2099-01-01
600260.SH,2000-07-06,2099-01-01
600261.SH,2000-07-20,2099-01-01
600262.SH,2000-06-30,2099-01-01
600263.SH,2000-07-25,2012-03-01
600265.SH,2000-08-25,2099-01-01
600266.SH,1999-02-03,2099-01-01
600267.SH,2000-07-25,2099-01-01
600268.SH,1999-11-18,2099-01-01
600269.SH,2000-05-18,2099-01-01
600270.SH,2000-12-28,2099-01-01
600271.SH,2003-07-11,2099-01-01
600272.SH,2001-02-28,2099-01-01
600273.SH,2003-06-27,2099-01-01
600275.SH,2000-08-10,2099-01-01
600276.SH,2000-10-18,2099-01-01
600277.SH,2000-07-25,2099-01-01
600278.SH,2000-07-12,2099-01-01
600279.SH,2000-07-31,2099-01-01
600280.SH,2000-09-26,2099-01-01
600281.SH,2000-11-09,2099-01-01
600282.SH,2000-09-19,2099-01-01
600283.SH,2000-10-18,2099-01-01
600284.SH,2004-03-16,2099-01-01
600285.SH,2000-10-18,2099-01-01
600287.SH,2000-09-01,2099-01-01
600288.SH,2000-11-29,2099-01-01
600289.SH,2000-07-20,2099-01-01
600290.SH,2000-11-06,2099-01-01
600291.SH,2000-07-31,2099-01-01
600292.SH,2000-11-01,2099-01-01
600293.SH,2000-09-19,2099-01-01
600295.SH,2001-04-26,2099-01-01
600297.SH,2000-11-16,2099-01-01
600298.SH,2000-08-18,2099-01-01
600299.SH,2000-04-20,2099-01-01
600300.SH,2000-06-30,2099-01-01
600301.SH,2000-07-12,2099-01-01
600302.SH,2000-12-13,2099-01-01
600303.SH,2000-12-26,2099-01-01
600305.SH,2001-02-06,2099-01-01
600306.SH,2000-12-26,2099-01-01
600307.SH,2000-12-20,2099-01-01
600308.SH,2000-09-28,2099-01-01
600309.SH,2001-01-05,2099-01-01
600310.SH,2001-02-28,2099-01-01
600311.SH,2001-06-26,2099-01-01
600312.SH,2001-02-21,2099-01-01
600313.SH,2001-01-19,2099-01-01
600315.SH,2001-03-15,2099-01-01
600316.SH,2000-12-15,2099-01-01
600317.SH,2002-01-31,2099-01-01
600318.SH,2000-12-08,2099-01-01
600319.SH,2001-03-26,2099-01-01
600320.SH,2000-12-21,2099-01-01
600321.SH,2001-05-24,2099-01-01
600322.SH,2001-09-10,2099-01-01
600323.SH,2000-12-25,2099-01-01
600325.SH,2004-02-25,2099-01-01
600326.SH,2001-01-16,2099-01-01
600327.SH,2002-06-25,2099-01-01
600328.SH,2000-12-22,2099-01-01
600329.SH,2001-06-06,2099-01-01
600330.SH,2001-01-18,2099-01-01
600331.SH,2001-12-20,2099-01-01
600332.SH,2001-02-06,2099-01-01
600333.SH,2000-12-11,2099-01-01
600335.SH,2001-03-05,2099-01-01
600336.SH,2000-12-29,2099-01-01
600337.SH,2000-11-27,2099-01-01
600338.SH,2000-12-27,2099-01-01
600339.SH,2000-12-25,2099-01-01
600340.SH,2003-12-30,2099-01-01
600343.SH,2003-04-08,2099-01-01
600345.SH,2000-12-22,2099-01-01
600346.SH,2001-08-20,2099-01-01
600348.SH,2003-08-21,2099-01-01
600350.SH,2002-03-18,2099-01-01
600351.SH,2002-09-26,2099-01-01
600352.SH,2003-08-01,2099-01-01
600353.SH,2002-11-20,2099-01-01
600354.SH,2004-01-15,2099-01-01
600355.SH,2002-06-13,2099-01-01
600356.SH,2001-04-19,2099-01-01
600358.SH,2000-09-22,2099-01-01
600359.SH,1999-04-29,2099-01-01
600360.SH,2001-03-16,2099-01-01
600361.SH,2001-11-29,2099-01-01
600362.SH,2002-01-11,2099-01-01
600363.SH,2001-03-29,2099-01-01
600365.SH,2001-01-15,2099-01-01
600366.SH,2000-10-30,2099-01-01
600367.SH,2001-03-20,2099-01-01
600368.SH,2000-12-21,2099-01-01
600369.SH,2001-01-09,2099-01-01
600370.SH,2003-03-06,2099-01-01
600371.SH,2002-09-16,2099-01-01
600372.SH,2001-07-06,2099-01-01
600373.SH,2002-03-04,2099-01-01
600375.SH,2003-04-01,2099-01-01
600376.SH,2001-03-12,2099-01-01
600377.SH,2001-01-16,2099-01-01
600378.SH,2001-01-11,2099-01-01
600379.SH,2002-01-16,2099-01-01
600380.SH,2001-06-08,2099-01-01
600381.SH,2001-05-08,2099-01-01
600382.SH,2001-01-18,2099-01-01
600383.SH,2001-04-12,2099-01-01
600385.SH,2001-07-23,2099-01-01
600386.SH,2001-02-16,2099-01-01
600387.SH,2004-02-18,2099-01-01
600388.SH,2000-12-29,2099-01-01
600389.SH,2001-01-10,2099-01-01
600390.SH,2001-01-15,2099-01-01
600391.SH,2001-12-12,2099-01-01
600392.SH,2003-05-29,2099-01-01
600393.SH,2001-03-19,2099-01-01
600395.SH,2001-05-31,2099-01-01
600396.SH,2001-03-28,2099-01-01
600397.SH,2002-07-02,2099-01-01
600398.SH,2000-12-28,2099-01-01
600399.SH,2000-12-29,2099-01-01
600400.SH,2001-01-08,2099-01-01
600401.SH,2003-09-24,2099-01-01
600403.SH,2003-10-09,2099-01-01
600405.SH,2004-04-01,2099-01-01
600406.SH,2003-10-16,2099-01-01
600408.SH,2003-02-12,2099-01-01
600409.SH,2003-06-18,2099-01-01
600410.SH,2004-04-27,2099-01-01
600415.SH,2002-05-09,2099-01-01
600416.SH,2002-07-18,2099-01-01
600418.SH,2001-08-24,2099-01-01
600419.SH,2001-06-28,2099-01-01
600420.SH,2004-06-16,2099-01-01
600421.SH,2004-06-07,2099-01-01
600422.SH,2000-12-06,2099-01-01
600423.SH,2003-07-17,2099-01-01
600425.SH,2003-07-24,2099-01-01
600426.SH,2002-06-20,2099-01-01
600428.SH,2002-04-18,2099-01-01
600429.SH,2003-09-15,2099-01-01
600432.SH,2003-09-05,2099-01-01
600433.SH,2003-06-19,2099-01-01
600435.SH,2003-07-04,2099-01-01
600436.SH,2003-06-16,2099-01-01
600438.SH,2004-03-02,2099-01-01
600439.SH,2003-07-10,2099-01-01
600444.SH,2004-02-19,2099-01-01
600446.SH,2003-12-24,2099-01-01
600448.SH,2001-09-03,2099-01-01
600449.SH,2003-08-29,2099-01-01
600452.SH,2004-03-03,2099-01-01
600455.SH,2004-03-29,2099-01-01
600456.SH,2002-04-12,2099-01-01
600458.SH,2002-12-19,2099-01-01
600459.SH,2003-05-16,2099-01-01
600460.SH,2003-03-11,2099-01-01
600461.SH,2004-06-01,2099-01-01
600462.SH,2003-09-03,2099-01-01
600463.SH,2004-03-18,2099-01-01
600466.SH,2001-02-12,2099-01-01
600467.SH,2004-04-05,2099-01-01
600468.SH,2001-06-15,2099-01-01
600469.SH,2003-10-21,2099-01-01
600470.SH,2004-03-05,2099-01-01
600475.SH,2003-07-21,2099-01-01
600476.SH,2003-12-10,2099-01-01
600477.SH,2003-11-10,2099-01-01
600478.SH,2003-09-18,2099-01-01
600479.SH,2004-03-12,2099-01-01
600480.SH,2003-08-15,2099-01-01
600481.SH,2003-04-22,2099-01-01
600482.SH,2004-07-14,2099-01-01
600483.SH,2004-05-31,2099-01-01
600485.SH,2003-08-07,2099-01-01
600486.SH,2002-04-25,2099-01-01
600487.SH,2003-08-22,2099-01-01
600488.SH,2001-06-18,2099-01-01
600489.SH,2003-08-14,2099-01-01
600490.SH,2003-06-26,2099-01-01
600491.SH,2004-05-24,2099-01-01
600493.SH,2004-04-21,2099-01-01
600495.SH,2004-05-26,2099-01-01
600496.SH,2002-06-05,2099-01-01
600497.SH,2004-04-20,2099-01-01
600498.SH,2001-08-23,2099-01-01
600499.SH,2002-10-10,2099-01-01
600500.SH,2000-03-01,2099-01-01
600501.SH,2001-06-15,2099-01-01
600502.SH,2003-04-15,2099-01-01
600503.SH,2002-07-09,2099-01-01
600505.SH,2002-05-30,2099-01-01
600506.SH,2001-12-26,2099-01-01
600507.SH,2003-09-30,2099-01-01
600508.SH,2001-08-29,2099-01-01
600509.SH,2002-02-28,2099-01-01
600510.SH,2002-06-18,2099-01-01
600511.SH,2002-11-27,2099-01-01
600512.SH,2002-12-26,2099-01-01
600513.SH,2003-03-19,2099-01-01
600515.SH,2002-08-06,2099-01-01
600516.SH,2002-08-30,2099-01-01
600517.SH,2003-10-10,2099-01-01
600518.SH,2001-03-19,2099-01-01
600519.SH,2001-08-27,2099-01-01
600520.SH,2002-01-08,2099-01-01
600521.SH,2003-03-04,2099-01-01
600522.SH,2002-10-24,2099-01-01
600523.SH,2001-12-27,2099-01-01
600525.SH,2002-12-02,2099-01-01
600526.SH,2002-07-22,2099-01-01
600527.SH,2003-11-27,2099-01-01
600528.SH,2001-05-28,2099-01-01
600529.SH,2002-06-03,2099-01-01
600530.SH,2001-07-02,2099-01-01
600531.SH,2002-07-30,2099-01-01
600532.SH,2002-10-31,2099-01-01
600533.SH,2002-03-28,2099-01-01
600535.SH,2002-08-23,2099-01-01
600536.SH,2002-05-17,2099-01-01
600537.SH,2003-01-23,2099-01-01
600538.SH,2003-01-14,2099-01-01
600539.SH,2001-08-24,2099-01-01
600540.SH,2004-01-07,2099-01-01
600543.SH,2004-03-24,2099-01-01
600545.SH,2003-12-03,2099-01-01
600546.SH,2003-07-31,2099-01-01
600547.SH,2003-08-28,2099-01-01
600548.SH,2001-12-25,2099-01-01
600549.SH,2002-11-07,2099-01-01
600550.SH,2001-02-28,2099-01-01
600551.SH,2002-09-05,2099-01-01
600552.SH,2002-11-08,2099-01-01
600553.SH,2002-08-22,2011-02-18
600555.SH,2001-03-28,2099-01-01
600556.SH,2001-08-07,2099-01-01
600557.SH,2002-09-18,2099-01-01
600558.SH,2001-02-27,2099-01-01
600559.SH,2002-10-29,2099-01-01
600560.SH,2002-09-19,2099-01-01
600561.SH,2002-07-16,2099-01-01
600562.SH,2003-01-28,2099-01-01
600563.SH,2002-12-10,2099-01-01
600565.SH,2002-07-23,2099-01-01
600566.SH,2001-08-22,2099-01-01
600567.SH,2001-12-18,2099-01-01
600568.SH,2001-05-18,2099-01-01
600569.SH,2001-08-20,2099-01-01
600570.SH,2003-12-16,2099-01-01
600571.SH,2002-11-01,2099-01-01
600572.SH,2004-04-12,2099-01-01
600573.SH,2003-02-26,2099-01-01
600575.SH,2003-03-28,2099-01-01
600576.SH,2003-02-20,2099-01-01
600577.SH,2002-09-11,2099-01-01
600578.SH,2002-05-10,2099-01-01
600579.SH,2002-08-09,2099-01-01
600580.SH,2002-06-06,2099-01-01
600581.SH,2002-08-16,2099-01-01
600582.SH,2002-05-15,2099-01-01
600583.SH,2002-02-05,2099-01-01
600584.SH,2003-06-03,2099-01-01
600585.SH,2002-02-07,2099-01-01
600586.SH,2002-08-15,2099-01-01
600587.SH,2002-09-27,2099-01-01
600588.SH,2001-05-18,2099-01-01
600589.SH,2001-06-12,2099-01-01
600590.SH,2002-07-03,2099-01-01
600592.SH,2002-08-05,2099-01-01
600593.SH,2002-07-11,2099-01-01
600594.SH,2004-03-23,2099-01-01
600595.SH,2002-06-26,2099-01-01
600596.SH,2001-09-06,2099-01-01
600597.SH,2002-08-28,2099-01-01
600598.SH,2002-03-29,2099-01-01
600599.SH,2001-08-28,2099-01-01
600600.SH,1993-08-27,2099-01-01
600601.SH,1990-12-19,2099-01-01
600602.SH,1990-12-19,2099-01-01
600603.SH,1992-01-13,2099-01-01
600604.SH,1992-03-27,2099-01-01
600605.SH,1992-03-27,2099-01-01
600606.SH,1992-03-27,2099-01-01
600608.SH,1992-03-27,2099-01-01
600609.SH,1992-07-24,2099-01-01
600610.SH,1992-08-05,2099-01-01
600611.SH,1992-08-07,2099-01-01
600612.SH,1992-08-14,2099-01-01
600613.SH,1992-08-20,2099-01-01
600614.SH,1992-08-28,2099-01-01
600615.SH,1992-09-10,2099-01-01
600616.SH,1992-09-29,2099-01-01
600617.SH,1992-10-13,2099-01-01
600618.SH,1992-11-13,2099-01-01
600619.SH,1992-11-16,2099-01-01
600620.SH,1992-11-17,2099-01-01
600621.SH,1992-12-02,2099-01-01
600622.SH,1992-12-03,2099-01-01
600623.SH,1992-12-04,2099-01-01
600624.SH,1993-01-05,2099-01-01
600626.SH,1993-01-07,2099-01-01
600628.SH,1993-01-19,2099-01-01
600629.SH,1993-02-09,2099-01-01
600630.SH,1993-02-09,2099-01-01
600631.SH,1993-02-19,2011-08-23
600633.SH,1993-03-04,2099-01-01
600634.SH,1993-03-04,2099-01-01
600635.SH,1993-03-04,2099-01-01
600636.SH,1993-03-16,2099-01-01
600637.SH,1993-03-16,2099-01-01
600638.SH,1993-03-26,2099-01-01
600639.SH,1993-03-26,2099-01-01
600640.SH,1993-04-07,2099-01-01
600641.SH,1993-04-07,2099-01-01
600642.SH,1993-04-16,2099-01-01
600643.SH,1993-04-26,2099-01-01
600644.SH,1993-04-26,2099-01-01
600645.SH,1993-05-04,2099-01-01
600647.SH,1993-05-04,2099-01-01
600648.SH,1993-05-04,2099-01-01
600649.SH,1993-05-18,2099-01-01
600650.SH,1993-06-07,2099-01-01
600651.SH,1990-12-19,2099-01-01
600652.SH,1990-12-19,2099-01-01
600653.SH,1990-12-19,2099-01-01
600654.SH,1990-12-19,2099-01-01
600655.SH,1992-09-02,2099-01-01
600656.SH,1990-12-19,2016-05-13
600657.SH,1993-05-24,2099-01-01
600658.SH,1993-05-24,2099-01-01
600660.SH,1993-06-10,2099-01-01
600661.SH,1993-06-14,2099-01-01
600662.SH,1993-06-14,2099-01-01
600663.SH,1993-06-28,2099-01-01
600664.SH,1993-06-29,2099-01-01
600665.SH,1993-07-09,2099-01-01
600666.SH,1993-07-12,2099-01-01
600667.SH,1993-07-28,2099-01-01
600668.SH,1993-07-28,2099-01-01
600671.SH,1993-08-23,2099-01-01
600673.SH,1993-09-17,2099-01-01
600674.SH,1993-09-24,2099-01-01
600675.SH,1993-09-24,2099-01-01
600676.SH,1993-09-28,2099-01-01
600677.SH,1993-09-28,2099-01-01
600678.SH,1993-10-08,2099-01-01
600679.SH,1993-10-08,2099-01-01
600680.SH,1993-10-18,2099-01-01
600681.SH,1993-10-18,2099-01-01
600682.SH,1993-10-18,2099-01-01
600683.SH,1993-10-25,2099-01-01
600684.SH,1993-10-28,2099-01-01
600685.SH,1993-10-28,2099-01-01
600686.SH,1993-11-08,2099-01-01
600687.SH,1993-11-08,2099-01-01
600688.SH,1993-11-08,2099-01-01
600689.SH,1993-11-08,2099-01-01
600690.SH,1993-11-19,2099-01-01
600691.SH,1993-11-19,2099-01-01
600692.SH,1993-11-19,2099-01-01
600693.SH,1993-11-22,2099-01-01
600694.SH,1993-11-22,2099-01-01
600695.SH,1993-11-22,2099-01-01
600696.SH,1993-12-06,2099-01-01
600697.SH,1993-12-06,2099-01-01
600698.SH,1993-12-06,2099-01-01
600699.SH,1993-12-06,2099-01-01
600701.SH,1996-05-28,2099-01-01
600702.SH,1996-05-24,2099-01-01
600703.SH,1996-05-28,2099-01-01
600704.SH,1996-06-06,2099-01-01
600705.SH,1996-05-16,2099-01-01
600706.SH,1996-05-16,2099-01-01
600707.SH,1996-05-20,2099-01-01
600708.SH,1996-06-06,2099-01-01
600710.SH,1996-07-01,2099-01-01
600711.SH,1996-05-31,2099-01-01
600712.SH,1996-06-26,2099-01-01
600713.SH,1996-07-01,2099-01-01
600714.SH,1996-06-06,2099-01-01
600715.SH,1996-07-01,2099-01-01
600716.SH,1996-07-02,2099-01-01
600717.SH,1996-06-14,2099-01-01
600718.SH,1996-06-18,2099-01-01
600719.SH,1996-07-16,2099-01-01
600720.SH,1996-07-16,2099-01-01
600721.SH,1996-06-26,2099-01-01
600722.SH,1996-06-26,2099-01-01
600723.SH,1996-07-16,2099-01-01
600724.SH,1996-07-16,2099-01-01
600725.SH,1996-07-02,2099-01-01
600726.SH,1996-07-01,2099-01-01
600727.SH,1996-07-02,2099-01-01
600728.SH,1996-07-16,2099-01-01
600729.SH,1996-07-02,2099-01-01
600730.SH,1996-07-26,2099-01-01
600731.SH,1996-08-02,2099-01-01
600732.SH,1996-08-16,2099-01-01
600733.SH,1996-08-16,2099-01-01
600734.SH,1996-08-08,2099-01-01
600735.SH,1996-07-26,2099-01-01
600736.SH,1996-08-15,2099-01-01
600737.SH,1996-07-31,2099-01-01
600738.SH,1996-08-02,2099-01-01
600739.SH,1996-08-19,2099-01-01
600740.SH,1996-08-08,2099-01-01
600741.SH,1996-08-26,2099-01-01
600742.SH,1996-08-26,2099-01-01
600743.SH,1996-09-09,2099-01-01
600744.SH,1996-09-05,2099-01-01
600745.SH,1996-08-28,2099-01-01
600746.SH,1996-09-18,2099-01-01
600747.SH,1996-09-16,2099-01-01
600748.SH,1996-09-25,2099-01-01
600749.SH,1996-10-15,2099-01-01
600750.SH,1996-09-23,2099-01-01
600751.SH,1996-09-09,2099-01-01
600753.SH,1996-09-27,2099-01-01
600754.SH,1996-10-11,2099-01-01
600755.SH,1996-10-03,2099-01-01
600756.SH,1996-09-23,2099-01-01
600757.SH,1996-10-03,2099-01-01
600758.SH,1996-10-29,2099-01-01
600759.SH,1996-10-08,2099-01-01
600760.SH,1996-10-11,2099-01-01
600761.SH,1996-10-09,2099-01-01
600763.SH,1996-10-30,2099-01-01
600764.SH,1996-11-04,2099-01-01
600765.SH,1996-11-06,2099-01-01
600766.SH,1996-10-28,2099-01-01
600767.SH,1996-11-15,2099-01-01
600768.SH,1996-11-11,2099-01-01
600769.SH,1996-11-01,2099-01-01
600770.SH,1996-11-20,2099-01-01
600771.SH,1996-11-05,2099-01-01
600773.SH,1996-11-08,2099-01-01
600774.SH,1996-11-08,2099-01-01
600775.SH,1996-11-18,2099-01-01
600776.SH,1996-11-26,2099-01-01
600777.SH,1996-11-21,2099-01-01
600778.SH,1996-12-03,2099-01-01
600779.SH,1996-12-06,2099-01-01
600780.SH,1996-12-05,2099-01-01
600781.SH,1996-12-18,2099-01-01
600782.SH,1996-12-25,2099-01-01
600783.SH,1996-12-25,2099-01-01
600784.SH,1996-12-25,2099-01-01
600785.SH,1997-01-08,2099-01-01
600787.SH,1997-01-21,2099-01-01
600789.SH,1997-02-26,2099-01-01
600790.SH,1997-02-28,2099-01-01
600791.SH,1997-01-30,2099-01-01
600792.SH,1997-01-23,2099-01-01
600793.SH,1997-02-20,2099-01-01
600794.SH,1997-03-06,2099-01-01
600795.SH,1997-03-18,2099-01-01
600796.SH,1997-04-08,2099-01-01
600797.SH,1997-04-18,2099-01-01
600798.SH,1997-04-23,2099-01-01
600800.SH,1993-12-06,2099-01-01
600801.SH,1994-01-03,2099-01-01
600802.SH,1994-01-03,2099-01-01
600803.SH,1994-01-03,2099-01-01
600804.SH,1994-01-03,2099-01-01
600805.SH,1994-01-03,2099-01-01
600806.SH,1994-01-03,2099-01-01
600807.SH,1994-01-03,2099-01-01
600808.SH,1994-01-06,2099-01-01
600809.SH,1994-01-06,2099-01-01
600810.SH,1994-01-06,2099-01-01
600811.SH,1994-01-06,2099-01-01
600812.SH,1994-01-14,2099-01-01
600814.SH,1994-01-14,2099-01-01
600815.SH,1994-01-28,2099-01-01
600816.SH,1994-01-28,2099-01-01
600817.SH,1994-01-28,2099-01-01
600818.SH,1994-01-28,2099-01-01
600819.SH,1994-01-28,2099-01-01
600820.SH,1994-01-28,2099-01-01
600821.SH,1994-01-28,2099-01-01
600822.SH,1994-02-04,2099-01-01
600823.SH,1994-02-04,2099-01-01
600824.SH,1994-02-04,2099-01-01
600825.SH,1994-02-04,2099-01-01
600826.SH,1994-02-04,2099-01-01
600827.SH,1994-02-04,2099-01-01
600828.SH,1994-02-24,2099-01-01
600829.SH,1994-02-24,2099-01-01
600830.SH,1994-02-24,2099-01-01
600831.SH,1994-02-24,2099-01-01
600832.SH,1994-02-24,2015-05-20
600833.SH,1994-02-24,2099-01-01
600834.SH,1994-02-24,2099-01-01
600835.SH,1994-02-24,2099-01-01
600836.SH,1994-02-24,2099-01-01
600837.SH,1994-02-24,2099-01-01
600838.SH,1994-02-24,2099-01-01
600839.SH,1994-03-11,2099-01-01
600841.SH,1994-03-11,2099-01-01
600843.SH,1994-03-11,2099-01-01
600844.SH,1994-03-11,2099-01-01
600845.SH,1994-03-11,2099-01-01
600846.SH,1994-03-11,2099-01-01
600847.SH,1994-03-24,2099-01-01
600848.SH,1994-03-24,2099-01-01
600850.SH,1994-03-24,2099-01-01
600851.SH,1994-04-04,2099-01-01
600853.SH,1994-04-04,2099-01-01
600854.SH,1994-04-25,2099-01-01
600855.SH,1994-04-25,2099-01-01
600856.SH,1994-04-25,2099-01-01
600857.SH,1994-04-25,2099-01-01
600858.SH,1994-05-06,2099-01-01
600859.SH,1994-05-06,2099-01-01
600860.SH,1994-05-06,2099-01-01
600861.SH,1994-05-20,2099-01-01
600862.SH,1994-05-20,2099-01-01
600863.SH,1994-05-20,2099-01-01
600864.SH,1994-08-09,2099-01-01
600865.SH,1994-08-09,2099-01-01
600866.SH,1994-08-18,2099-01-01
600867.SH,1994-08-24,2099-01-01
600868.SH,1994-09-12,2099-01-01
600869.SH,1995-02-06,2099-01-01
600870.SH,1995-02-28,2099-01-01
600871.SH,1995-04-11,2099-01-01
600872.SH,1995-01-24,2099-01-01
600873.SH,1995-02-17,2099-01-01
600874.SH,1995-06-30,2099-01-01
600875.SH,1995-10-10,2099-01-01
600876.SH,1995-10-31,2099-01-01
600877.SH,1995-10-13,2099-01-01
600879.SH,1995-11-15,2099-01-01
600880.SH,1995-11-15,2099-01-01
600881.SH,1995-11-15,2099-01-01
600882.SH,1995-12-06,2099-01-01
600883.SH,1995-12-08,2099-01-01
600884.SH,1996-01-30,2099-01-01
600885.SH,1996-02-05,2099-01-01
600886.SH,1996-01-18,2099-01-01
600887.SH,1996-03-12,2099-01-01
600888.SH,1996-02-15,2099-01-01
600889.SH,1996-03-08,2099-01-01
600890.SH,1996-03-18,2099-01-01
600891.SH,1996-03-25,2099-01-01
600892.SH,1996-03-15,2099-01-01
600893.SH,1996-04-08,2099-01-01
600894.SH,1996-03-28,2099-01-01
600895.SH,1996-04-22,2099-01-01
600896.SH,1996-05-03,2099-01-01
600897.SH,1996-05-31,2099-01-01
600898.SH,1996-04-18,2099-01-01
600900.SH,2003-11-18,2099-01-01
600917.SH,2014-09-30,2099-01-01
600958.SH,2015-03-23,2099-01-01
600959.SH,2015-04-28,2099-01-01
600960.SH,2004-04-07,2099-01-01
600961.SH,2004-08-30,2099-01-01
600962.SH,2004-06-22,2099-01-01
600963.SH,2004-05-25,2099-01-01
600965.SH,2004-07-13,2099-01-01
600966.SH,2004-06-08,2099-01-01
600967.SH,2004-05-18,2099-01-01
600969.SH,2004-04-08,2099-01-01
600970.SH,2005-04-12,2099-01-01
600971.SH,2004-08-17,2099-01-01
600973.SH,2004-08-02,2099-01-01
600975.SH,2004-06-09,2099-01-01
600976.SH,2004-04-19,2099-01-01
600978.SH,2004-08-24,2099-01-01
600979.SH,2004-09-06,2099-01-01
600980.SH,2004-05-12,2099-01-01
600981.SH,2004-06-30,2099-01-01
600982.SH,2004-07-06,2099-01-01
600983.SH,2004-07-27,2099-01-01
600984.SH,2004-07-07,2099-01-01
600985.SH,2004-04-28,2099-01-01
600986.SH,2004-04-26,2099-01-01
600987.SH,2004-08-09,2099-01-01
600988.SH,2004-04-14,2099-01-01
600990.SH,2004-05-10,2099-01-01
600991.SH,2004-06-14,2012-03-20
600992.SH,2004-05-14,2099-01-01
600993.SH,2004-05-17,2099-01-01
600995.SH,2004-06-15,2099-01-01
600997.SH,2004-06-02,2099-01-01
600998.SH,2010-11-02,2099-01-01
600999.SH,2009-11-17,2099-01-01
601000.SH,2010-07-05,2099-01-01
601001.SH,2006-06-23,2099-01-01
601002.SH,2007-01-26,2099-01-01
601003.SH,2007-02-27,2099-01-01
601005.SH,2007-02-28,2099-01-01
601006.SH,2006-08-01,2099-01-01
601007.SH,2007-04-06,2099-01-01
601008.SH,2007-04-26,2099-01-01
601009.SH,2007-07-19,2099-01-01
601010.SH,2011-06-03,2099-01-01
601011.SH,2011-03-09,2099-01-01
601012.SH,2012-04-11,2099-01-01
601015.SH,2014-11-05,2099-01-01
601016.SH,2014-09-29,2099-01-01
601018.SH,2010-09-28,2099-01-01
601021.SH,2015-01-21,2099-01-01
601028.SH,2011-11-07,2099-01-01
601038.SH,2012-08-08,2099-01-01
601058.SH,2011-06-30,2099-01-01
601069.SH,2015-01-22,2099-01-01
601088.SH,2007-10-09,2099-01-01
601098.SH,2010-10-28,2099-01-01
601099.SH,2007-12-28,2099-01-01
601100.SH,2011-10-28,2099-01-01
601101.SH,2010-03-31,2099-01-01
601106.SH,2010-02-09,2099-01-01
601107.SH,2009-07-27,2099-01-01
601111.SH,2006-08-18,2099-01-01
601113.SH,2011-05-09,2099-01-01
601116.SH,2011-03-02,2099-01-01
601117.SH,2010-01-07,2099-01-01
601118.SH,2011-01-07,2099-01-01
601126.SH,2010-12-31,2099-01-01
601137.SH,2011-01-27,2099-01-01
601139.SH,2009-12-25,2099-01-01
601155.SH,2015-12-04,2099-01-01
601158.SH,2010-03-29,2099-01-01
601166.SH,2007-02-05,2099-01-01
601168.SH,2007-07-12,2099-01-01
601169.SH,2007-09-19,2099-01-01
601177.SH,2010-10-11,2099-01-01
601179.SH,2010-01-28,2099-01-01
601186.SH,2008-03-10,2099-01-01
601188.SH,2010-03-19,2099-01-01
601198.SH,2015-02-26,2099-01-01
601199.SH,2011-03-17,2099-01-01
601208.SH,2011-05-20,2099-01-01
601211.SH,2015-06-26,2099-01-01
601216.SH,2011-02-22,2099-01-01
601218.SH,2011-05-06,2099-01-01
601222.SH,2011-08-08,2099-01-01
601225.SH,2014-01-28,2099-01-01
601226.SH,2014-12-11,2099-01-01
601231.SH,2012-02-20,2099-01-01
601233.SH,2011-05-18,2099-01-01
601238.SH,2012-03-29,2099-01-01
601258.SH,2011-04-28,2099-01-01
601268.SH,2010-02-02,2015-05-21
601288.SH,2010-07-15,2099-01-01
601299.SH,2009-12-29,2015-05-20
601311.SH,2011-06-02,2099-01-01
601313.SH,2012-01-16,2099-01-01
601318.SH,2007-03-01,2099-01-01
601328.SH,2007-05-15,2099-01-01
601333.SH,2006-12-22,2099-01-01
601336.SH,2011-12-16,2099-01-01
601339.SH,2012-06-12,2099-01-01
601368.SH,2015-06-12,2099-01-01
601369.SH,2010-04-28,2099-01-01
601377.SH,2010-10-13,2099-01-01
601388.SH,2012-04-23,2099-01-01
601390.SH,2007-12-03,2099-01-01
601398.SH,2006-10-27,2099-01-01
601515.SH,2012-02-16,2099-01-01
601518.SH,2010-03-19,2099-01-01
601519.SH,2011-01-28,2099-01-01
601555.SH,2011-12-12,2099-01-01
601558.SH,2011-01-13,2099-01-01
601566.SH,2011-05-30,2099-01-01
601567.SH,2011-06-15,2099-01-01
601579.SH,2014-08-25,2099-01-01
601588.SH,2006-10-16,2099-01-01
601599.SH,2011-05-27,2099-01-01
601600.SH,2007-04-30,2099-01-01
601601.SH,2007-12-25,2099-01-01
601607.SH,1994-03-24,2099-01-01
601608.SH,2012-07-06,2099-01-01
601616.SH,2011-02-01,2099-01-01
601618.SH,2009-09-21,2099-01-01
601628.SH,2007-01-09,2099-01-01
601633.SH,2011-09-28,2099-01-01
601636.SH,2011-08-12,2099-01-01
601666.SH,2006-11-23,2099-01-01
601668.SH,2009-07-29,2099-01-01
601669.SH,2011-10-18,2099-01-01
601677.SH,2011-09-19,2099-01-01
601678.SH,2010-02-23,2099-01-01
601688.SH,2010-02-26,2099-01-01
601689.SH,2015-03-19,2099-01-01
601699.SH,2006-09-22,2099-01-01
601700.SH,2011-01-18,2099-01-01
601717.SH,2010-08-03,2099-01-01
601718.SH,2010-08-16,2099-01-01
601727.SH,2008-12-05,2099-01-01
601766.SH,2008-08-18,2099-01-01
601777.SH,2010-11-25,2099-01-01
601788.SH,2009-08-18,2099-01-01
601789.SH,2011-08-16,2099-01-01
601798.SH,2011-06-22,2099-01-01
601799.SH,2011-02-01,2099-01-01
601800.SH,2012-03-09,2099-01-01
601801.SH,2010-01-18,2099-01-01
601808.SH,2007-09-28,2099-01-01
601818.SH,2010-08-18,2099-01-01
601857.SH,2007-11-05,2099-01-01
601866.SH,2007-12-12,2099-01-01
601872.SH,2006-12-01,2099-01-01
601877.SH,2010-01-21,2099-01-01
601880.SH,2010-12-06,2099-01-01
601886.SH,2011-08-18,2099-01-01
601888.SH,2009-10-15,2099-01-01
601890.SH,2010-12-28,2099-01-01
601898.SH,2008-02-01,2099-01-01
601899.SH,2008-04-25,2099-01-01
601901.SH,2011-08-10,2099-01-01
601908.SH,2011-09-08,2099-01-01
601918.SH,2007-12-19,2099-01-01
601919.SH,2007-06-26,2099-01-01
601928.SH,2011-11-30,2099-01-01
601929.SH,2012-02-23,2099-01-01
601933.SH,2010-12-15,2099-01-01
601939.SH,2007-09-25,2099-01-01
601958.SH,2008-04-17,2099-01-01
601965.SH,2012-06-11,2099-01-01
601968.SH,2015-06-11,2099-01-01
601969.SH,2014-12-09,2099-01-01
601985.SH,2015-06-10,2099-01-01
601988.SH,2006-07-05,2099-01-01
601989.SH,2009-12-16,2099-01-01
601991.SH,2006-12-20,2099-01-01
601992.SH,2011-03-01,2099-01-01
601996.SH,2011-09-29,2099-01-01
601998.SH,2007-04-27,2099-01-01
601999.SH,2007-12-21,2099-01-01
603000.SH,2012-04-27,2099-01-01
603001.SH,2012-04-26,2099-01-01
603002.SH,2012-05-18,2099-01-01
603003.SH,2012-08-17,2099-01-01
603005.SH,2014-02-10,2099-01-01
603006.SH,2014-06-30,2099-01-01
603008.SH,2012-07-17,2099-01-01
603009.SH,2014-07-18,2099-01-01
603010.SH,2014-10-10,2099-01-01
603011.SH,2014-11-07,2099-01-01
603012.SH,2015-03-20,2099-01-01
603015.SH,2015-03-03,2099-01-01
603017.SH,2014-12-31,2099-01-01
603018.SH,2014-10-13,2099-01-01
603019.SH,2014-11-06,2099-01-01
603020.SH,2015-03-25,2099-01-01
603021.SH,2015-04-23,2099-01-01
603022.SH,2015-05-18,2099-01-01
603023.SH,2015-05-27,2099-01-01
603025.SH,2015-04-22,2099-01-01
603026.SH,2015-05-29,2099-01-01
603030.SH,2015-03-20,2099-01-01
603066.SH,2015-06-11,2099-01-01
603077.SH,2012-07-31,2099-01-01
603085.SH,2015-06-30,2099-01-01
603088.SH,2014-11-11,2099-01-01
603099.SH,2014-08-22,2099-01-01
603100.SH,2014-08-05,2099-01-01
603108.SH,2015-05-27,2099-01-01
603111.SH,2014-08-01,2099-01-01
603116.SH,2015-06-29,2099-01-01
603117.SH,2015-06-29,2099-01-01
603118.SH,2015-02-25,2099-01-01
603123.SH,2012-05-03,2099-01-01
603126.SH,2014-07-31,2099-01-01
603128.SH,2012-05-29,2099-01-01
603158.SH,2015-03-20,2099-01-01
603166.SH,2014-11-27,2099-01-01
603167.SH,2012-09-06,2099-01-01
603168.SH,2014-07-02,2099-01-01
603169.SH,2014-10-09,2099-01-01
603188.SH,2014-09-09,2099-01-01
603198.SH,2015-05-28,2099-01-01
603199.SH,2015-03-26,2099-01-01
603222.SH,2015-02-17,2099-01-01
603223.SH,2015-06-30,2099-01-01
603227.SH,2015-05-15,2099-01-01
603268.SH,2015-03-19,2099-01-01
603288.SH,2014-02-11,2099-01-01
603299.SH,2015-12-31,2099-01-01
603300.SH,2015-05-29,2099-01-01
603306.SH,2014-09-26,2099-01-01
603308.SH,2014-01-22,2099-01-01
603309.SH,2015-03-02,2099-01-01
603311.SH,2015-05-18,2099-01-01
603315.SH,2015-04-24,2099-01-01
603318.SH,2015-04-24,2099-01-01
603328.SH,2014-07-01,2099-01-01
603333.SH,2012-05-07,2099-01-01
603338.SH,2015-03-25,2099-01-01
603355.SH,2015-05-13,2099-01-01
603366.SH,2012-05-21,2099-01-01
603368.SH,2014-12-04,2099-01-01
603369.SH,2014-07-03,2099-01-01
603398.SH,2015-12-09,2099-01-01
603399.SH,2012-08-24,2099-01-01
603456.SH,2014-10-10,2099-01-01
603508.SH,2015-12-24,2099-01-01
603518.SH,2014-12-03,2099-01-01
603519.SH,2015-03-19,2099-01-01
603555.SH,2014-01-24,2099-01-01
603558.SH,2015-01-27,2099-01-01
603566.SH,2015-05-18,2099-01-01
603567.SH,2015-04-24,2099-01-01
603568.SH,2015-05-28,2099-01-01
603588.SH,2014-12-29,2099-01-01
603589.SH,2015-06-29,2099-01-01
603598.SH,2015-05-27,2099-01-01
603599.SH,2015-05-13,2099-01-01
603600.SH,2015-01-23,2099-01-01
603601.SH,2015-01-22,2099-01-01
603606.SH,2014-10-15,2099-01-01
603609.SH,2014-08-08,2099-01-01
603611.SH,2015-01-28,2099-01-01
603616.SH,2015-06-11,2099-01-01
603618.SH,2015-02-17,2099-01-01
603636.SH,2014-12-30,2099-01-01
603669.SH,2015-05-28,2099-01-01
603678.SH,2015-01-26,2099-01-01
603686.SH,2015-01-26,2099-01-01
603688.SH,2014-10-31,2099-01-01
603696.SH,2015-12-09,2099-01-01
603698.SH,2015-01-28,2099-01-01
603699.SH,2014-01-17,2099-01-01
603703.SH,2015-04-23,2099-01-01
603718.SH,2015-05-15,2099-01-01
603729.SH,2015-03-24,2099-01-01
603766.SH,2012-08-10,2099-01-01
603778.SH,2015-12-31,2099-01-01
603788.SH,2015-01-20,2099-01-01
603789.SH,2015-04-27,2099-01-01
603799.SH,2015-01-29,2099-01-01
603800.SH,2015-12-10,2099-01-01
603806.SH,2014-09-05,2099-01-01
603808.SH,2015-04-22,2099-01-01
603818.SH,2015-04-22,2099-01-01
603828.SH,2015-02-26,2099-01-01
603838.SH,2015-07-01,2099-01-01
603866.SH,2015-12-22,2099-01-01
603869.SH,2015-03-26,2099-01-01
603883.SH,2015-04-23,2099-01-01
603885.SH,2015-05-27,2099-01-01
603889.SH,2014-12-31,2099-01-01
603898.SH,2015-02-17,2099-01-01
603899.SH,2015-01-27,2099-01-01
603901.SH,2015-05-29,2099-01-01
603918.SH,2015-05-28,2099-01-01
603936.SH,2015-12-09,2099-01-01
603939.SH,2015-02-17,2099-01-01
603968.SH,2015-05-18,2099-01-01
603969.SH,2015-02-27,2099-01-01
603979.SH,2015-06-30,2099-01-01
603988.SH,2014-11-04,2099-01-01
603989.SH,2015-05-15,2099-01-01
603993.SH,2012-10-09,2099-01-01
603996.SH,2015-12-22,2099-01-01
603997.SH,2015-03-02,2099-01-01
603998.SH,2014-12-05,2099-01-01
603999.SH,2015-12-10,2099-01-01
002778.SZ,2016-01-06,2099-01-01
002788.SZ,2016-02-18,2099-01-01
002789.SZ,2016-03-11,2099-01-01
002790.SZ,2016-03-08,2099-01-01
002791.SZ,2016-03-29,2099-01-01
002792.SZ,2016-03-28,2099-01-01
002793.SZ,2016-04-15,2099-01-01
002795.SZ,2016-04-28,2099-01-01
002796.SZ,2016-05-10,2099-01-01
002797.SZ,2016-05-11,2099-01-01
002798.SZ,2016-05-25,2099-01-01
002800.SZ,2016-05-30,2099-01-01
300474.SZ,2016-03-31,2099-01-01
300484.SZ,2016-03-22,2099-01-01
300499.SZ,2016-02-02,2099-01-01
300500.SZ,2016-02-04,2099-01-01
300501.SZ,2016-02-04,2099-01-01
300502.SZ,2016-03-03,2099-01-01
300503.SZ,2016-03-09,2099-01-01
300505.SZ,2016-03-15,2099-01-01
300506.SZ,2016-03-24,2099-01-01
300507.SZ,2016-04-29,2099-01-01
300508.SZ,2016-04-19,2099-01-01
300509.SZ,2016-04-25,2099-01-01
300510.SZ,2016-05-06,2099-01-01
300511.SZ,2016-05-04,2099-01-01
300512.SZ,2016-05-26,2099-01-01
300513.SZ,2016-05-30,2099-01-01
300516.SZ,2016-06-02,2099-01-01
601020.SH,2016-03-16,2099-01-01
601611.SH,2016-06-06,2099-01-01
601900.SH,2016-02-15,2099-01-01
603027.SH,2016-03-07,2099-01-01
603028.SH,2016-03-31,2099-01-01
603029.SH,2016-04-27,2099-01-01
603101.SH,2016-05-06,2099-01-01
603339.SH,2016-05-19,2099-01-01
603377.SH,2016-02-05,2099-01-01
603520.SH,2016-03-09,2099-01-01
603528.SH,2016-05-03,2099-01-01
603608.SH,2016-02-18,2099-01-01
603701.SH,2016-04-12,2099-01-01
603726.SH,2016-04-21,2099-01-01
603737.SH,2016-06-03,2099-01-01
603779.SH,2016-05-16,2099-01-01
603798.SH,2016-04-06,2099-01-01
603822.SH,2016-04-28,2099-01-01
603861.SH,2016-03-22,2099-01-01
603868.SH,2016-04-18,2099-01-01
603919.SH,2016-03-10,2099-01-01
603959.SH,2016-05-17,2099-01-01
002799.SZ,2016-06-08,2099-01-01
002801.SZ,2016-06-22,2099-01-01
002802.SZ,2016-06-29,2099-01-01
002803.SZ,2016-07-12,2099-01-01
002805.SZ,2016-07-07,2099-01-01
002806.SZ,2016-07-26,2099-01-01
002807.SZ,2016-09-02,2099-01-01
002808.SZ,2016-08-12,2099-01-01
002809.SZ,2016-08-23,2099-01-01
002810.SZ,2016-08-26,2099-01-01
002811.SZ,2016-09-08,2099-01-01
002812.SZ,2016-09-14,2099-01-01
002813.SZ,2016-10-12,2099-01-01
002815.SZ,2016-10-12,2099-01-01
002816.SZ,2016-10-25,2099-01-01
002817.SZ,2016-10-25,2099-01-01
300515.SZ,2016-06-08,2099-01-01
300517.SZ,2016-07-19,2099-01-01
300518.SZ,2016-06-24,2099-01-01
300519.SZ,2016-06-24,2099-01-01
300520.SZ,2016-07-08,2099-01-01
300521.SZ,2016-07-05,2099-01-01
300522.SZ,2016-07-05,2099-01-01
300523.SZ,2016-07-26,2099-01-01
300525.SZ,2016-07-26,2099-01-01
300526.SZ,2016-08-02,2099-01-01
300527.SZ,2016-08-05,2099-01-01
300528.SZ,2016-08-08,2099-01-01
300529.SZ,2016-08-02,2099-01-01
300530.SZ,2016-08-09,2099-01-01
300531.SZ,2016-08-09,2099-01-01
300532.SZ,2016-08-18,2099-01-01
300533.SZ,2016-08-18,2099-01-01
300534.SZ,2016-09-13,2099-01-01
300535.SZ,2016-08-12,2099-01-01
300536.SZ,2016-09-20,2099-01-01
300537.SZ,2016-08-30,2099-01-01
300538.SZ,2016-08-26,2099-01-01
300539.SZ,2016-08-30,2099-01-01
300540.SZ,2016-08-23,2099-01-01
300541.SZ,2016-09-13,2099-01-01
300542.SZ,2016-09-20,2099-01-01
300543.SZ,2016-09-08,2099-01-01
300545.SZ,2016-09-28,2099-01-01
300546.SZ,2016-09-28,2099-01-01
300547.SZ,2016-09-30,2099-01-01
300548.SZ,2016-10-12,2099-01-01
300549.SZ,2016-09-30,2099-01-01
300550.SZ,2016-10-18,2099-01-01
300551.SZ,2016-10-18,2099-01-01
300552.SZ,2016-10-21,2099-01-01
300553.SZ,2016-10-21,2099-01-01
300555.SZ,2016-10-18,2099-01-01
300557.SZ,2016-11-01,2099-01-01
300559.SZ,2016-11-01,2099-01-01
300560.SZ,2016-11-01,2099-01-01
600908.SH,2016-09-23,2099-01-01
600919.SH,2016-08-02,2099-01-01
600926.SH,2016-10-27,2099-01-01
600936.SH,2016-08-15,2099-01-01
600977.SH,2016-08-09,2099-01-01
601127.SH,2016-06-15,2099-01-01
601128.SH,2016-09-30,2099-01-01
601163.SH,2016-09-09,2099-01-01
601500.SH,2016-09-19,2099-01-01
601595.SH,2016-08-17,2099-01-01
601811.SH,2016-08-08,2099-01-01
601966.SH,2016-07-06,2099-01-01
601997.SH,2016-08-16,2099-01-01
603007.SH,2016-08-26,2099-01-01
603016.SH,2016-07-01,2099-01-01
603031.SH,2016-08-22,2099-01-01
603067.SH,2016-09-13,2099-01-01
603069.SH,2016-07-12,2099-01-01
603090.SH,2016-08-31,2099-01-01
603131.SH,2016-06-07,2099-01-01
603159.SH,2016-08-12,2099-01-01
603160.SH,2016-10-17,2099-01-01
603189.SH,2016-09-14,2099-01-01
603258.SH,2016-10-26,2099-01-01
603313.SH,2016-10-13,2099-01-01
603322.SH,2016-07-28,2099-01-01
603393.SH,2016-09-12,2099-01-01
603421.SH,2016-10-11,2099-01-01
603515.SH,2016-08-19,2099-01-01
603569.SH,2016-08-10,2099-01-01
603658.SH,2016-09-01,2099-01-01
603663.SH,2016-08-01,2099-01-01
603667.SH,2016-10-25,2099-01-01
603716.SH,2016-10-31,2099-01-01
603738.SH,2016-09-28,2099-01-01
603777.SH,2016-10-12,2099-01-01
603816.SH,2016-10-14,2099-01-01
603843.SH,2016-09-05,2099-01-01
603859.SH,2016-10-21,2099-01-01
603887.SH,2016-10-10,2099-01-01
603888.SH,2016-10-28,2099-01-01
603909.SH,2016-06-28,2099-01-01
603958.SH,2016-06-29,2099-01-01
603986.SH,2016-08-18,2099-01-01
002818.SZ,2016-11-09,2099-01-01
002819.SZ,2016-11-11,2099-01-01
002820.SZ,2016-11-18,2099-01-01
002821.SZ,2016-11-18,2099-01-01
002822.SZ,2016-11-29,2099-01-01
002823.SZ,2016-11-24,2099-01-01
002825.SZ,2016-11-29,2099-01-01
002826.SZ,2016-12-09,2099-01-01
002827.SZ,2016-12-09,2099-01-01
002828.SZ,2016-12-08,2099-01-01
002829.SZ,2016-12-13,2099-01-01
002830.SZ,2016-12-13,2099-01-01
002831.SZ,2016-12-16,2099-01-01
002832.SZ,2016-12-23,2099-01-01
002833.SZ,2016-12-28,2099-01-01
002835.SZ,2016-12-28,2099-01-01
002836.SZ,2016-12-29,2099-01-01
002837.SZ,2016-12-29,2099-01-01
300556.SZ,2016-11-04,2099-01-01
300558.SZ,2016-11-07,2099-01-01
300561.SZ,2016-11-17,2099-01-01
300562.SZ,2016-11-16,2099-01-01
300563.SZ,2016-11-14,2099-01-01
300565.SZ,2016-11-22,2099-01-01
300566.SZ,2016-11-15,2099-01-01
300567.SZ,2016-11-22,2099-01-01
300568.SZ,2016-12-01,2099-01-01
300569.SZ,2016-11-25,2099-01-01
300570.SZ,2016-12-06,2099-01-01
300571.SZ,2016-12-13,2099-01-01
300572.SZ,2016-12-06,2099-01-01
300573.SZ,2016-12-08,2099-01-01
300575.SZ,2016-12-20,2099-01-01
300576.SZ,2016-12-20,2099-01-01
300577.SZ,2016-12-21,2099-01-01
300579.SZ,2016-12-23,2099-01-01
300581.SZ,2016-12-20,2099-01-01
300582.SZ,2016-12-28,2099-01-01
300585.SZ,2016-12-29,2099-01-01
600909.SH,2016-12-06,2099-01-01
600996.SH,2016-12-26,2099-01-01
601229.SH,2016-11-16,2099-01-01
601882.SH,2016-11-07,2099-01-01
603033.SH,2016-12-07,2099-01-01
603036.SH,2016-12-09,2099-01-01
603058.SH,2016-12-23,2099-01-01
603060.SH,2016-11-09,2099-01-01
603098.SH,2016-12-16,2099-01-01
603203.SH,2016-11-08,2099-01-01
603218.SH,2016-12-28,2099-01-01
603239.SH,2016-12-30,2099-01-01
603298.SH,2016-12-27,2099-01-01
603319.SH,2016-11-30,2099-01-01
603323.SH,2016-11-29,2099-01-01
603336.SH,2016-11-24,2099-01-01
603389.SH,2016-12-15,2099-01-01
603416.SH,2016-12-21,2099-01-01
603556.SH,2016-11-10,2099-01-01
603559.SH,2016-12-02,2099-01-01
603577.SH,2016-12-22,2099-01-01
603585.SH,2016-12-14,2099-01-01
603633.SH,2016-11-17,2099-01-01
603660.SH,2016-12-01,2099-01-01
603708.SH,2016-12-13,2099-01-01
603727.SH,2016-11-22,2099-01-01
603819.SH,2016-11-25,2099-01-01
603823.SH,2016-12-20,2099-01-01
603858.SH,2016-11-18,2099-01-01
603878.SH,2016-12-19,2099-01-01
603886.SH,2016-12-28,2099-01-01
603900.SH,2016-11-23,2099-01-01
603928.SH,2016-12-12,2099-01-01
603929.SH,2016-12-30,2099-01-01
603977.SH,2016-11-11,2099-01-01
603987.SH,2016-11-21,2099-01-01
603990.SH,2016-12-08,2099-01-01
002824.SZ,2017-01-12,2099-01-01
002838.SZ,2017-01-06,2099-01-01
002839.SZ,2017-01-24,2099-01-01
002840.SZ,2017-01-10,2099-01-01
002841.SZ,2017-01-19,2099-01-01
002842.SZ,2017-01-19,2099-01-01
002843.SZ,2017-01-20,2099-01-01
002845.SZ,2017-01-25,2099-01-01
300578.SZ,2017-01-25,2099-01-01
300580.SZ,2017-01-11,2099-01-01
300583.SZ,2017-01-06,2099-01-01
300584.SZ,2017-01-12,2099-01-01
300586.SZ,2017-01-04,2099-01-01
300587.SZ,2017-01-05,2099-01-01
300588.SZ,2017-01-05,2099-01-01
300589.SZ,2017-01-13,2099-01-01
300590.SZ,2017-01-11,2099-01-01
300591.SZ,2017-01-10,2099-01-01
300592.SZ,2017-01-20,2099-01-01
300593.SZ,2017-01-13,2099-01-01
300595.SZ,2017-01-17,2099-01-01
300596.SZ,2017-01-19,2099-01-01
300597.SZ,2017-01-23,2099-01-01
300598.SZ,2017-01-20,2099-01-01
300599.SZ,2017-01-23,2099-01-01
300600.SZ,2017-01-25,2099-01-01
300602.SZ,2017-01-26,2099-01-01
300603.SZ,2017-01-26,2099-01-01
601375.SH,2017-01-03,2099-01-01
601858.SH,2017-01-18,2099-01-01
601881.SH,2017-01-23,2099-01-01
603032.SH,2017-01-05,2099-01-01
603035.SH,2017-01-05,2099-01-01
603037.SH,2017-01-20,2099-01-01
603038.SH,2017-01-16,2099-01-01
603039.SH,2017-01-13,2099-01-01
603089.SH,2017-01-26,2099-01-01
603165.SH,2017-01-17,2099-01-01
603186.SH,2017-01-03,2099-01-01
603228.SH,2017-01-06,2099-01-01
603266.SH,2017-01-10,2099-01-01
603337.SH,2017-01-19,2099-01-01
603358.SH,2017-01-25,2099-01-01
603429.SH,2017-01-24,2099-01-01
603444.SH,2017-01-04,2099-01-01
603579.SH,2017-01-11,2099-01-01
603628.SH,2017-01-12,2099-01-01
603638.SH,2017-01-20,2099-01-01
603639.SH,2017-01-12,2099-01-01
603668.SH,2017-01-17,2099-01-01
603689.SH,2017-01-10,2099-01-01
603690.SH,2017-01-13,2099-01-01
603877.SH,2017-01-09,2099-01-01
603966.SH,2017-01-25,2099-01-01
